date,temperature,humidity,wind_speed,pressure,cloud_cover,precipitation,temperature_min,temperature_max,temp_range,temp_hourly_std,hdh_18c,hdh_15c,hours_below_0c,wind_chill_mean,wind_chill_min
2024-12-30 07:00:00,0.08,95.6,14.4,1025.04,8.0,0.0,-0.1,0.2,0.30000000000000004,0.10954451150103323,89.6,74.6,1,-1.3599999999999999,-1.45
2024-12-31 07:00:00,1.1916666666666667,86.04166666666667,15.0,1025.5208333333333,6.416666666666667,0.0,-0.4,2.6,3.0,1.0496030995889192,403.4,331.4,5,-0.3083333333333334,-1.77
2025-01-01 07:00:00,2.595833333333333,87.95833333333333,17.804166666666667,1023.9541666666668,0.7083333333333334,0.0,0.5,6.3,5.8,1.8602195210960095,369.7,297.7,0,0.8154166666666667,-1.24
2025-01-02 07:00:00,5.075,85.16666666666667,20.658333333333335,1015.5625,0.08333333333333333,0.0,1.9,8.4,6.5,1.8164106986270914,310.2,238.2,0,3.0091666666666668,-0.20000000000000018
2025-01-03 07:00:00,4.804166666666666,83.33333333333333,16.55,1009.8791666666666,8.0,1.9,0.7,7.8,7.1,2.2223135548864126,316.7,244.7,0,3.1491666666666664,-0.41999999999999993
2025-01-04 07:00:00,-0.8958333333333334,72.16666666666667,16.787499999999998,1016.5875,2.2916666666666665,0.0,-4.5,3.1,7.6,2.3970052269386093,453.5,381.5,13,-2.5745833333333334,-5.7
2025-01-05 07:00:00,-3.3791666666666664,77.91666666666667,9.225,1024.4208333333333,1.125,0.0,-5.0,0.0,5.0,1.734052596029631,513.1,441.1,23,-4.301666666666667,-5.88
2025-01-06 07:00:00,2.4208333333333334,89.95833333333333,22.604166666666668,1019.9541666666668,7.083333333333333,1.6,-1.9,4.2,6.1,1.6839341014336084,373.9,301.9,3,0.1604166666666665,-3.66
2025-01-07 07:00:00,7.2124999999999995,91.54166666666667,18.825,1018.3583333333332,7.375,0.0,3.2,9.4,6.2,1.6461582416407416,258.9,186.9,0,5.33,1.22
2025-01-08 07:00:00,9.120833333333334,91.66666666666667,20.849999999999998,1015.1666666666666,6.125,0.7,6.9,12.3,5.4,1.6735744528629026,213.1,141.1,0,7.035833333333333,5.3500000000000005
2025-01-09 07:00:00,7.570833333333333,89.54166666666667,11.741666666666667,1018.8583333333332,5.041666666666667,0.0,5.8,11.2,5.3999999999999995,1.7309156075845264,250.3,178.29999999999998,0,6.396666666666667,4.3500000000000005
2025-01-10 07:00:00,7.329166666666667,86.54166666666667,17.3,1013.2375000000001,7.083333333333333,0.0,5.0,11.3,6.300000000000001,1.8111920568141486,256.1,184.1,0,5.599166666666666,3.38
2025-01-11 07:00:00,3.283333333333333,81.25,12.816666666666668,1015.1708333333332,8.0,2.7,-0.4,8.2,8.6,2.765103452214632,353.2,281.2,2,2.0016666666666665,-1.1600000000000001
2025-01-12 07:00:00,-0.12499999999999996,83.79166666666667,3.983333333333333,1022.0124999999999,5.333333333333333,0.6000000000000001,-2.4,3.2,5.6,1.7759871719082345,435.0,363.0,15,-0.5233333333333333,-3.02
2025-01-13 07:00:00,-1.4083333333333332,83.91666666666667,8.583333333333334,1030.7124999999999,4.25,0.0,-3.0,2.8,5.8,1.824451476034865,465.8,393.8,19,-2.2666666666666666,-4.12
2025-01-14 07:00:00,-2.3041666666666667,74.125,13.716666666666667,1030.5125,4.791666666666667,0.0,-4.1,0.6,4.699999999999999,1.559676434299802,487.3,415.3,20,-3.6758333333333333,-5.789999999999999
2025-01-15 07:00:00,-1.9124999999999999,73.41666666666667,11.229166666666666,1025.5874999999999,3.5833333333333335,0.0,-4.3,1.9,6.199999999999999,2.0564453290336577,477.9,405.9,19,-3.0354166666666664,-5.85
2025-01-16 07:00:00,1.1500000000000001,83.41666666666667,14.095833333333333,1029.6458333333333,7.708333333333333,0.0,-0.1,3.4,3.5,1.1579592243327876,404.4,332.4,1,-0.2595833333333334,-1.51
2025-01-17 07:00:00,1.5958333333333332,90.41666666666667,16.458333333333332,1025.3374999999999,8.0,0.3,0.7,2.6,1.9000000000000001,0.5528418019388678,393.7,321.7,0,-0.0500000000000001,-0.9600000000000002
2025-01-18 07:00:00,1.95,92.375,17.820833333333333,1019.4583333333334,8.0,0.6,1.0,2.8,1.7999999999999998,0.43238469184180234,385.2,313.2,0,0.1679166666666666,-0.33000000000000007
2025-01-19 07:00:00,1.05,75.375,17.2,1020.9458333333333,3.75,0.0,-2.3,4.7,7.0,2.3329399254271794,406.8,334.8,9,-0.67,-3.2199999999999998
2025-01-20 07:00:00,1.4666666666666668,84.5,11.879166666666668,1024.6583333333333,5.625,0.0,-2.0,5.6,7.6,1.9412382123535097,396.8,324.8,3,0.2787499999999999,-3.12
2025-01-21 07:00:00,0.8958333333333334,83.625,11.895833333333334,1026.825,7.958333333333333,0.0,0.1,2.4,2.3,0.7315731510671499,410.5,338.5,0,-0.29375,-1.15
2025-01-22 07:00:00,1.1583333333333334,80.375,15.558333333333332,1022.7375000000001,8.0,0.0,0.4,2.4,2.0,0.6344574311047652,404.2,332.2,0,-0.39750000000000013,-1.04
2025-01-23 07:00:00,1.4083333333333332,91.5,10.4125,1019.6458333333334,7.958333333333333,0.9,0.3,3.5,3.2,0.9375809143825895,398.2,326.2,0,0.3670833333333334,-1.25
2025-01-24 07:00:00,2.558333333333333,98.66666666666667,8.200000000000001,1020.625,8.0,0.0,0.8,5.0,4.2,1.1244000010311457,370.6,298.6,0,1.7383333333333333,0.07999999999999996
2025-01-25 07:00:00,4.345833333333333,96.54166666666667,9.129166666666666,1025.8708333333334,7.75,0.7,2.5,6.8,4.3,1.0159506863531564,327.7,255.7,0,3.432916666666667,1.56
2025-01-26 07:00:00,4.470833333333333,91.625,15.475,1027.7541666666666,8.0,0.0,2.3,7.7,5.4,1.8321949693733741,324.7,252.7,0,2.9233333333333333,0.8499999999999999
2025-01-27 07:00:00,5.133333333333334,90.33333333333333,14.404166666666667,1023.1708333333332,6.583333333333333,0.0,2.3,9.4,7.1000000000000005,1.9885906450607653,308.8,236.79999999999998,0,3.6929166666666666,0.8599999999999997
2025-01-28 07:00:00,6.4750000000000005,89.83333333333333,14.883333333333333,1020.6,8.0,0.0,4.8,9.1,4.3,1.352051581213109,276.6,204.6,0,4.986666666666666,3.2199999999999998
2025-01-29 07:00:00,7.4624999999999995,88.66666666666667,14.354166666666666,1021.4166666666666,4.916666666666667,0.0,5.5,11.6,6.1,1.8170239643319301,252.9,180.9,0,6.027083333333334,3.92
2025-01-30 07:00:00,7.891666666666667,91.25,7.5125,1025.5291666666667,7.916666666666667,0.0,6.3,10.5,4.2,1.388748785204075,242.6,170.6,0,7.140416666666667,5.46
2025-01-31 07:00:00,7.533333333333334,86.79166666666667,6.1625000000000005,1025.7583333333334,8.0,0.0,6.2,10.1,3.8999999999999995,1.3463853917762196,251.20000000000002,179.2,0,6.917083333333333,5.19
2025-02-01 07:00:00,4.566666666666666,92.95833333333333,13.479166666666666,1024.2208333333333,5.958333333333333,4.7,-0.8,6.8,7.6,2.578450270434054,322.4,250.4,2,3.21875,-1.84
2025-02-02 07:00:00,1.6125,75.66666666666667,8.195833333333333,1024.6375,6.5,0.2,-1.6,5.5,7.1,2.06551656871887,393.3,321.3,7,0.7929166666666667,-2.46
2025-02-03 07:00:00,-0.07499999999999997,88.70833333333333,10.799999999999999,1019.9666666666667,7.458333333333333,3.7,-3.1,1.6,4.7,1.5748705950980062,433.8,361.8,8,-1.155,-4.470000000000001
2025-02-04 07:00:00,-1.2916666666666667,78.70833333333333,13.479166666666666,1024.3,4.333333333333333,0.1,-5.4,2.2,7.6000000000000005,2.2188748944231738,463.0,391.0,17,-2.6395833333333334,-6.41
2025-02-05 07:00:00,-2.3125,78.95833333333333,8.729166666666666,1027.5458333333333,4.791666666666667,0.5,-5.9,1.1,7.0,2.4313732923918785,487.5,415.5,19,-3.185416666666667,-7.090000000000001
2025-02-06 07:00:00,-3.0375,82.875,20.6125,1035.4083333333333,7.958333333333333,0.0,-5.7,-1.1,4.6,1.2275151641673798,504.9,432.9,24,-5.09875,-7.8500000000000005
2025-02-07 07:00:00,-4.508333333333334,78.79166666666667,21.795833333333334,1041.7958333333333,7.916666666666667,0.0,-6.9,-2.9,4.0,1.1401436471918287,540.2,468.2,24,-6.687916666666667,-9.24
2025-02-08 07:00:00,-5.4125000000000005,75.70833333333333,19.716666666666665,1042.125,2.75,0.0,-7.8,-2.4,5.4,1.7032737021241855,561.9,489.9,24,-7.384166666666666,-9.46
2025-02-09 07:00:00,-6.075,72.375,17.429166666666667,1036.7458333333334,2.625,0.0,-8.8,-2.6,6.200000000000001,2.0028783635384437,577.8,505.8,24,-7.817916666666666,-10.100000000000001
2025-02-10 07:00:00,-6.316666666666666,71.20833333333333,13.566666666666668,1034.1666666666667,4.75,0.0,-8.2,-4.1,4.1,1.2253363927356107,583.6,511.6,24,-7.673333333333333,-9.75
2025-02-11 07:00:00,-5.7,70.66666666666667,14.541666666666666,1036.0416666666667,4.541666666666667,0.0,-7.6,-3.2,4.3999999999999995,1.4117519181006524,568.8,496.8,24,-7.154166666666668,-8.82
2025-02-12 07:00:00,-5.3875,76.04166666666667,9.658333333333333,1032.5958333333333,4.875,0.0,-7.6,-2.9,4.699999999999999,1.522101664889987,561.3,489.3,24,-6.353333333333333,-8.9
2025-02-13 07:00:00,-3.5875,74.91666666666667,5.883333333333333,1025.3916666666667,2.5416666666666665,0.0,-5.4,0.3,5.7,2.022334531308245,518.1,446.1,22,-4.175833333333333,-6.12
2025-02-14 07:00:00,1.4541666666666666,80.66666666666667,20.041666666666668,1017.5083333333333,7.208333333333333,2.9,-4.6,4.8,9.399999999999999,2.252916788958486,397.1,325.1,5,-0.5500000000000002,-5.609999999999999
2025-02-15 07:00:00,-4.045833333333333,79.91666666666667,18.333333333333332,1015.8916666666668,7.833333333333333,7.6000000000000005,-9.3,2.6,11.9,3.2797109054287703,529.1,457.1,20,-5.879166666666666,-10.24
2025-02-16 07:00:00,-6.595833333333334,74.625,9.358333333333333,1022.1708333333332,6.166666666666667,0.0,-12.5,-3.1,9.4,2.758461948050141,590.3,518.3,24,-7.531666666666666,-12.64
2025-02-17 07:00:00,-6.458333333333333,80.58333333333333,7.745833333333334,1027.1291666666666,6.041666666666667,0.4,-11.9,-3.3,8.600000000000001,3.0258188495256833,587.0,515.0,24,-7.232916666666667,-12.29
2025-02-18 07:00:00,-9.6875,82.0,6.670833333333333,1029.9291666666666,2.3333333333333335,0.0,-13.4,-3.7,9.7,3.2416196300749043,664.5,592.5,24,-10.354583333333332,-13.989999999999998
2025-02-19 07:00:00,-8.195833333333335,69.33333333333333,5.375,1030.3,1.5416666666666667,0.0,-13.1,-2.9,10.2,3.0735164914456545,628.7,556.7,24,-8.733333333333334,-13.89
2025-02-20 07:00:00,-5.245833333333334,74.91666666666667,14.525,1031.7375,7.083333333333333,2.5,-9.4,0.1,9.5,3.035010087608286,557.9,485.9,23,-6.698333333333333,-10.38
2025-02-21 07:00:00,-7.970833333333334,78.08333333333333,13.395833333333334,1038.4166666666667,1.75,0.0,-11.2,-4.4,6.799999999999999,2.123262290350203,623.3,551.3,24,-9.310416666666667,-12.389999999999999
2025-02-22 07:00:00,-9.200000000000001,80.875,14.137500000000001,1037.3625,5.125,0.0,-11.2,-6.7,4.499999999999999,1.51714835478762,652.8,580.8,24,-10.61375,-12.61
2025-02-23 07:00:00,-6.0625,73.875,18.470833333333335,1030.6375,6.791666666666667,0.0,-11.0,-3.4,7.6,1.835829986444942,577.5,505.5,24,-7.909583333333334,-12.620000000000001
2025-02-24 07:00:00,-4.929166666666666,65.16666666666667,16.1375,1025.0583333333334,2.3333333333333335,0.0,-8.6,-0.3,8.299999999999999,2.5980727249363076,550.3,478.3,24,-6.542916666666667,-10.04
2025-02-25 07:00:00,-7.9750000000000005,74.25,9.1,1024.7,7.291666666666667,0.0,-10.5,-4.6,5.9,2.094973279896013,623.4,551.4,24,-8.885,-11.22
2025-02-26 07:00:00,-6.429166666666667,75.125,6.883333333333333,1028.0291666666667,5.625,0.0,-9.7,-2.0,7.699999999999999,2.440862136830856,586.3,514.3,24,-7.1175,-10.22
2025-02-27 07:00:00,-4.358333333333333,72.75,4.670833333333333,1029.0166666666667,0.625,0.0,-9.5,1.0,10.5,3.5555121525128652,536.6,464.6,19,-4.8254166666666665,-9.9
2025-02-28 07:00:00,-2.2125,68.33333333333333,10.454166666666667,1029.175,2.25,0.0,-7.5,3.4,10.9,3.438441570651246,485.1,413.1,17,-3.2579166666666666,-8.4
2025-03-01 07:00:00,-1.5666666666666667,61.666666666666664,9.895833333333334,1029.9291666666666,7.791666666666667,0.0,-5.4,2.1,7.5,1.9315834159449659,469.6,397.6,19,-2.55625,-6.48
2025-03-02 07:00:00,-1.175,71.41666666666667,7.2625,1023.9375,7.333333333333333,0.1,-4.6,1.7,6.3,1.7906156337489314,460.2,388.2,17,-1.90125,-5.25
2025-03-03 07:00:00,1.7249999999999999,72.5,14.450000000000001,1021.7083333333334,6.625,0.0,-3.5,5.7,9.2,2.3090088217957145,390.6,318.6,3,0.27999999999999997,-4.29
2025-03-04 07:00:00,2.975,76.75,21.354166666666668,1019.4416666666666,7.458333333333333,0.0,0.8,6.4,5.6000000000000005,1.9687228258994187,360.6,288.6,0,0.8395833333333332,-1.33
2025-03-05 07:00:00,6.1499999999999995,58.875,21.504166666666666,1019.1374999999999,7.625,0.0,1.8,10.4,8.6,2.3702870858959715,284.4,212.4,0,3.9995833333333333,-0.21999999999999997
2025-03-06 07:00:00,8.866666666666667,43.083333333333336,17.720833333333335,1021.1666666666666,3.3333333333333335,0.0,2.1,17.3,15.200000000000001,4.954898030510176,219.2,153.5,0,7.094583333333333,0.9800000000000002
2025-03-07 07:00:00,8.166666666666666,58.041666666666664,10.2125,1022.7375000000001,4.5,0.0,0.0,19.4,19.4,6.897930796649262,239.6,182.20000000000002,0,7.145416666666667,-0.9400000000000001
2025-03-08 07:00:00,7.449999999999999,61.791666666666664,7.245833333333334,1020.3708333333334,6.416666666666667,0.0,0.3,17.9,17.599999999999998,6.591562459096774,253.2,193.1,0,6.725416666666667,-0.4200000000000001
2025-03-09 07:00:00,7.329166666666667,69.95833333333333,10.525,1018.3791666666666,7.75,0.0,0.9,16.4,15.499999999999998,5.715842146987209,256.1,188.8,0,6.276666666666666,-0.18000000000000005
2025-03-10 07:00:00,5.7250000000000005,80.58333333333333,9.695833333333333,1015.1416666666668,5.583333333333333,0.0,1.1,12.9,11.8,4.01456587073058,294.6,222.6,0,4.755416666666666,0.06000000000000005
2025-03-11 07:00:00,9.620833333333334,72.41666666666667,18.708333333333332,1010.7624999999999,7.75,0.0,3.0,17.8,14.8,4.60755326626283,201.1,137.7,0,7.75,1.63
2025-03-12 07:00:00,11.595833333333333,73.83333333333333,17.233333333333334,1009.7583333333333,7.0,0.0,4.9,18.7,13.799999999999999,4.878388825855509,155.3,100.2,0,9.8725,3.8600000000000003
2025-03-13 07:00:00,13.7875,63.875,18.729166666666668,1008.8458333333333,7.583333333333333,0.0,6.2,21.1,14.900000000000002,4.326692933307197,111.7,62.2,0,11.914583333333333,4.9
2025-03-14 07:00:00,15.853333333333333,57.8,17.28666666666667,1012.02,3.533333333333333,0.0,8.8,20.4,11.599999999999998,3.72191706875189,41.8,16.799999999999997,0,14.124666666666666,7.720000000000001
2025-03-15 07:00:00,13.725,69.5,13.15,1012.725,8.0,0.0,8.9,21.2,12.299999999999999,5.280388243301812,20.3,11.3,0,12.41,8.14
2025-03-16 07:00:00,11.9,81.5,7.824999999999999,1011.4,6.5,0.0,8.5,18.0,9.5,4.3228077295510925,24.4,15.4,0,11.1175,7.53
2025-03-17 07:00:00,6.325,75.25,14.325,1009.175,8.0,0.0,2.5,8.4,5.9,2.617091260668353,46.7,34.7,0,4.8925,0.6600000000000001
2025-03-18 07:00:00,1.1749999999999998,49.75,17.45,1022.25,4.0,0.0,-2.3,4.8,7.1,2.904450607831597,67.3,55.3,1,-0.5700000000000001,-3.5599999999999996
2025-03-19 07:00:00,1.025,55.75,14.575,1027.85,6.0,0.0,-0.7,4.6,5.3,2.4253865671269805,67.9,55.9,2,-0.4325000000000002,-2.3200000000000003
2025-03-20 07:00:00,0.30000000000000004,84.25,10.450000000000001,1025.75,8.0,0.0,-0.3,1.6,1.9000000000000001,0.8831760866327848,70.8,58.8,2,-0.745,-1.86
2025-03-21 07:00:00,3.511764705882353,69.0,10.841176470588236,1024.9411764705883,1.0,0.0,-0.4,11.0,11.4,3.216730162941317,246.3,195.3,2,2.427647058823529,-1.08
2025-03-22 07:00:00,7.6875,54.75,10.658333333333333,1026.0916666666667,3.875,0.0,2.3,14.0,11.7,4.167087659891187,247.5,175.5,0,6.621666666666666,1.69
2025-03-23 07:00:00,7.495833333333334,55.125,13.533333333333333,1029.6041666666667,7.916666666666667,0.0,3.9,12.1,8.2,3.0280542133258725,252.1,180.1,0,6.142499999999999,2.31
2025-03-24 07:00:00,8.108333333333333,60.583333333333336,22.22083333333333,1025.8208333333334,7.916666666666667,0.9,5.0,10.9,5.9,1.6094602569931882,237.4,165.4,0,5.88625,3.2
2025-03-25 07:00:00,10.0875,79.125,16.316666666666666,1016.4666666666667,7.166666666666667,0.6,5.8,14.5,8.7,2.666427751978616,189.9,117.9,0,8.455833333333333,5.01
2025-03-26 07:00:00,10.583333333333334,66.33333333333333,11.3375,1016.5625,5.166666666666667,0.0,3.8,17.3,13.5,5.070002715603994,178.0,118.5,0,9.449583333333333,2.83
2025-03-27 07:00:00,11.8125,55.625,7.995833333333334,1016.5749999999999,7.583333333333333,0.7,6.1,16.8,10.700000000000001,3.2539357440009398,148.5,83.8,0,11.012916666666667,5.13
2025-03-28 07:00:00,11.6625,59.708333333333336,14.216666666666667,1014.4916666666667,4.333333333333333,0.0,6.2,17.7,11.5,4.1505172543022715,152.1,93.8,0,10.240833333333333,4.640000000000001
2025-03-29 07:00:00,12.326086956521738,63.130434782608695,22.039130434782606,1010.9565217391304,7.6521739130434785,2.1,7.4,18.3,10.9,3.559394406011985,130.79999999999998,73.39999999999999,0,10.12217391304348,5.380000000000001
2025-03-30 07:00:00,11.829166666666666,81.33333333333333,14.133333333333333,1008.1083333333332,7.958333333333333,7.1,7.6,17.3,9.700000000000001,2.8427603191060733,148.1,82.7,0,10.415833333333333,5.84
2025-03-31 07:00:00,10.904166666666667,93.83333333333333,9.670833333333333,1008.2791666666667,7.833333333333333,8.5,8.6,12.9,4.300000000000001,1.4247743274139848,170.3,98.3,0,9.937083333333334,7.119999999999999
2025-04-01 07:00:00,11.183333333333332,74.83333333333333,13.575000000000001,1011.7083333333334,3.4583333333333335,0.0,5.2,17.2,12.0,4.055663422561277,163.6,101.7,0,9.825833333333334,4.66
2025-04-02 07:00:00,13.016666666666666,76.83333333333333,10.504166666666666,1009.4791666666666,7.25,2.4000000000000004,6.2,18.6,12.400000000000002,3.4884488475995825,120.30000000000001,66.10000000000001,0,11.96625,5.55
2025-04-03 07:00:00,13.220833333333333,74.58333333333333,16.441666666666666,1013.8874999999999,7.875,2.1,9.5,18.4,8.899999999999999,2.7460610789411377,115.2,54.4,0,11.576666666666666,8.56
2025-04-04 07:00:00,13.858333333333334,71.58333333333333,8.545833333333333,1012.5583333333334,5.0,0.0,9.9,19.0,9.1,3.534293689559199,103.7,54.699999999999996,0,13.003750000000002,8.57
2025-04-05 07:00:00,12.133333333333333,77.66666666666667,19.845833333333335,1002.2833333333333,6.166666666666667,1.5,9.4,16.6,7.200000000000001,2.4827520961655623,140.8,73.8,0,10.14875,7.27
2025-04-06 07:00:00,9.008333333333333,70.95833333333333,20.462500000000002,1003.3166666666666,7.958333333333333,4.5,2.7,14.5,11.8,3.4996790743135877,215.8,143.8,0,6.962083333333333,1.0100000000000002
2025-04-07 07:00:00,3.783333333333333,54.916666666666664,11.637500000000001,1012.8666666666667,7.291666666666667,0.5,0.1,7.1,7.0,1.9318084941243563,341.2,269.2,0,2.6195833333333334,-1.45
2025-04-08 07:00:00,3.0500000000000003,53.75,19.270833333333332,1016.7333333333332,2.5,0.1,-0.4,7.0,7.4,2.425588229867049,358.8,286.8,2,1.1229166666666666,-1.4300000000000002
2025-04-09 07:00:00,1.3916666666666666,75.79166666666667,9.270833333333334,1014.1541666666667,5.083333333333333,5.4,-3.3,4.9,8.2,2.9553071887216977,398.6,326.6,7,0.4645833333333333,-4.02
2025-04-10 07:00:00,4.2375,60.916666666666664,17.662499999999998,1007.1083333333332,6.583333333333333,0.0,-1.8,7.5,9.3,2.503356442510908,330.3,258.3,1,2.47125,-2.92
2025-04-11 07:00:00,5.004166666666666,75.58333333333333,17.170833333333334,1005.4166666666666,7.375,2.1,0.5,10.2,9.7,3.202645532336837,311.9,239.9,0,3.2870833333333334,-0.41000000000000003
2025-04-12 07:00:00,5.904166666666666,79.45833333333333,9.6625,1014.3666666666667,5.125,3.6,1.6,12.4,10.8,3.443011720884047,290.3,218.3,0,4.937916666666667,0.6199999999999999
2025-04-13 07:00:00,6.791666666666667,72.08333333333333,8.1,1022.7333333333332,3.9583333333333335,0.0,1.9,11.8,9.9,3.4088014809067246,269.0,197.0,0,5.9816666666666665,1.25
2025-04-14 07:00:00,9.25,64.25,6.141666666666667,1028.25,0.0,0.0,3.6,15.0,11.4,4.221271187069436,210.0,138.0,0,8.635833333333332,2.92
2025-04-15 07:00:00,11.875,59.75,7.45,1028.0249999999999,2.1666666666666665,0.0,5.7,18.3,12.600000000000001,4.86194181997991,147.6,95.8,0,11.13,4.8
2025-04-16 07:00:00,14.233333333333334,59.5,8.795833333333333,1029.8833333333334,6.875,0.0,8.0,20.8,12.8,4.29445210016129,101.4,55.0,0,13.35375,6.909999999999999
2025-04-17 07:00:00,14.512500000000001,58.625,8.695833333333333,1027.3958333333333,0.875,0.0,7.8,21.0,13.2,4.820455733461398,100.8,57.6,0,13.642916666666666,6.97
2025-04-18 07:00:00,15.012500000000001,55.458333333333336,12.204166666666666,1020.625,0.0,0.0,8.5,21.8,13.3,4.972473140242669,95.8,53.5,0,13.792083333333332,7.1
2025-04-19 07:00:00,15.200000000000001,55.958333333333336,14.137500000000001,1015.1833333333334,0.0,0.0,9.4,21.7,12.299999999999999,4.221889130008858,84.9,41.8,0,13.78625,8.23
2025-04-20 07:00:00,15.666666666666666,64.20833333333333,9.104166666666666,1012.7041666666668,1.125,0.0,9.8,22.0,12.2,4.323913954284703,78.7,37.6,0,14.75625,9.440000000000001
2025-04-21 07:00:00,15.541666666666666,73.41666666666667,9.9125,1013.8041666666667,3.6666666666666665,2.3,9.2,22.2,13.0,4.480772125491288,80.9,40.6,0,14.550416666666665,8.7
2025-04-22 07:00:00,16.283333333333335,67.79166666666667,6.845833333333334,1014.9625,1.9583333333333333,0.0,10.0,23.1,13.100000000000001,4.844509816515891,74.3,36.2,0,15.59875,9.52
2025-04-23 07:00:00,18.666666666666668,54.083333333333336,8.0875,1012.6166666666667,0.5416666666666666,0.0,11.3,26.0,14.7,5.243602036657681,47.8,17.0,0,17.857916666666664,10.760000000000002
2025-04-24 07:00:00,18.9375,49.5,7.104166666666667,1008.4208333333332,1.0416666666666667,0.2,12.1,25.6,13.500000000000002,4.934775665576421,42.5,15.600000000000001,0,18.227083333333333,11.78
2025-04-25 07:00:00,19.1125,55.416666666666664,7.7625,1006.025,1.0416666666666667,1.2000000000000002,12.6,27.7,15.1,5.270369387268873,41.4,11.700000000000001,0,18.33625,11.66
2025-04-26 07:00:00,14.533333333333333,52.75,18.979166666666668,1011.0875,2.375,1.7000000000000002,6.3,23.4,17.099999999999998,6.355118899901404,114.0,73.5,0,12.635416666666666,4.64
2025-04-27 07:00:00,8.341666666666667,37.041666666666664,20.150000000000002,1024.6833333333334,1.2083333333333333,0.0,2.6,12.7,10.1,3.4958256680574458,231.8,159.8,0,6.326666666666665,1.45
2025-04-28 07:00:00,8.254166666666666,46.625,9.358333333333333,1030.6000000000001,1.875,0.0,4.2,12.5,8.3,2.805581264530411,233.9,161.9,0,7.318333333333334,3.05
2025-04-29 07:00:00,12.341666666666667,46.625,14.791666666666666,1023.7583333333333,1.2916666666666667,0.0,6.9,17.3,10.4,3.5363843813637716,135.79999999999998,75.3,0,10.862499999999999,5.82
2025-04-30 07:00:00,15.5875,49.833333333333336,13.112499999999999,1017.3833333333333,3.7916666666666665,0.0,8.6,22.3,13.700000000000001,4.578998608961307,80.8,40.6,0,14.27625,7.88
2025-05-01 07:00:00,17.587500000000002,43.25,17.329166666666666,1014.9208333333332,4.5,0.0,8.6,25.5,16.9,5.335387398835457,60.4,28.6,0,15.854583333333332,6.8
2025-05-02 07:00:00,11.3125,44.708333333333336,14.75,1018.2791666666667,0.20833333333333334,0.0,5.2,16.2,11.0,3.7742044943560487,160.5,93.5,0,9.8375,4.8
2025-05-03 07:00:00,14.916666666666666,36.833333333333336,13.383333333333333,1016.3333333333334,0.25,0.0,8.3,20.4,12.099999999999998,4.045358764835561,86.3,43.3,0,13.578333333333333,7.9
2025-05-04 07:00:00,16.620833333333334,42.333333333333336,16.3875,1012.2958333333332,0.75,0.0,10.3,22.9,12.599999999999998,4.543316081288285,66.3,29.999999999999993,0,14.982083333333334,9.4
2025-05-05 07:00:00,18.054166666666667,51.083333333333336,12.733333333333334,1010.1041666666666,2.0416666666666665,0.0,11.3,24.3,13.0,4.3593955670648805,44.6,14.9,0,16.780833333333334,10.56
2025-05-06 07:00:00,17.408333333333335,60.0,11.133333333333333,1012.0875,6.916666666666667,1.4,12.1,24.0,11.9,3.7224251873425636,45.199999999999996,12.100000000000001,0,16.295,11.49
2025-05-07 07:00:00,17.233333333333334,71.83333333333333,12.0875,1008.2208333333333,6.916666666666667,8.3,12.1,23.0,10.9,3.4616742200555364,46.3,12.499999999999998,0,16.024583333333332,10.66
2025-05-08 07:00:00,15.041666666666666,57.083333333333336,13.716666666666667,1011.0416666666666,6.583333333333333,0.0,10.2,19.6,9.400000000000002,3.335177026351292,78.7,34.4,0,13.67,9.08
2025-05-09 07:00:00,11.9,80.125,19.349999999999998,1010.4708333333333,7.541666666666667,13.3,6.9,16.0,9.1,3.4501417740245928,146.4,77.8,0,9.965,5.45
2025-05-10 07:00:00,10.404166666666667,56.0,12.329166666666666,1015.6708333333332,3.875,0.0,6.1,15.0,8.9,3.2295482476745834,182.3,110.3,0,9.171249999999999,5.38
2025-05-11 07:00:00,12.116666666666667,74.375,12.279166666666667,1013.3125,6.5,1.7000000000000002,8.2,17.1,8.900000000000002,2.991679282198585,141.2,74.9,0,10.88875,7.659999999999999
2025-05-12 07:00:00,9.983333333333333,79.41666666666667,13.5,1010.6,4.833333333333333,2.3,4.8,13.6,8.8,3.060785160232819,192.4,120.4,0,8.633333333333333,3.6499999999999995
2025-05-13 07:00:00,10.612499999999999,64.83333333333333,11.266666666666666,1011.6291666666666,1.1666666666666667,0.1,5.2,15.5,10.3,3.7812250717827234,177.3,107.1,0,9.485833333333334,4.48
2025-05-14 07:00:00,11.929166666666667,68.66666666666667,13.191666666666668,1012.3000000000001,2.125,2.9,8.1,16.5,8.4,3.039376247030712,145.70000000000002,78.30000000000001,0,10.61,6.9799999999999995
2025-05-15 07:00:00,14.125,62.541666666666664,17.354166666666668,1014.9458333333333,3.4166666666666665,0.8,9.0,18.7,9.7,3.3582151056256326,94.6,46.3,0,12.389583333333334,8.1
2025-05-16 07:00:00,16.1125,56.875,20.195833333333333,1015.2333333333332,6.833333333333333,0.0,11.8,19.3,7.5,2.1156379446974083,51.400000000000006,7.999999999999998,0,14.092916666666667,10.58
2025-05-17 07:00:00,15.674999999999999,76.33333333333333,17.916666666666668,1006.8625000000001,6.75,1.3,11.8,20.4,8.599999999999998,2.862539158646152,63.699999999999996,22.699999999999996,0,13.883333333333333,10.680000000000001
2025-05-18 07:00:00,13.620833333333332,77.58333333333333,15.741666666666667,1011.2916666666666,3.5,2.7,9.6,18.5,8.9,3.0757083548441293,106.2,52.6,0,12.046666666666667,8.48
2025-05-19 07:00:00,14.870833333333332,71.375,18.195833333333333,1010.5833333333334,6.583333333333333,11.7,11.1,19.8,8.700000000000001,2.92225034886631,79.0,32.9,0,13.051250000000001,9.629999999999999
2025-05-20 07:00:00,12.799999999999999,74.58333333333333,18.2375,1007.6708333333332,5.083333333333333,6.6,9.0,17.2,8.2,2.905616749616537,124.80000000000001,63.0,0,10.97625,7.45
2025-05-21 07:00:00,16.129166666666666,68.16666666666667,15.508333333333333,1014.9541666666668,2.875,0.0,11.0,20.7,9.7,3.4811890980284135,63.4,23.1,0,14.578333333333333,9.76
2025-05-22 07:00:00,17.479166666666668,61.458333333333336,13.016666666666666,1017.1208333333334,0.08333333333333333,0.0,11.7,22.8,11.100000000000001,4.068540937771036,49.800000000000004,18.0,0,16.1775,10.69
2025-05-23 07:00:00,19.724999999999998,51.833333333333336,13.8375,1014.5875,2.375,0.0,14.8,25.1,10.3,3.940453516163271,22.4,0.1999999999999993,0,18.34125,13.65
2025-05-24 07:00:00,21.962500000000002,47.958333333333336,14.9,1013.4916666666667,4.416666666666667,0.0,16.6,27.7,11.099999999999998,4.225369806300981,5.100000000000001,0.0,0,20.4725,15.23
2025-05-25 07:00:00,23.883333333333336,47.25,21.77916666666667,1012.85,7.083333333333333,0.0,19.1,28.9,9.799999999999997,3.2890684113427566,0.0,0.0,0,21.705416666666665,17.59
2025-05-26 07:00:00,24.537499999999998,35.083333333333336,25.704166666666666,1011.2583333333333,7.625,0.0,20.8,29.2,8.399999999999999,3.2179945821015283,0.0,0.0,0,21.967083333333335,18.5
2025-05-27 07:00:00,20.554166666666667,64.70833333333333,19.604166666666668,1009.2833333333333,7.75,5.3999999999999995,16.6,25.9,9.299999999999997,3.186108320802049,7.199999999999999,0.0,0,18.59375,14.660000000000002
2025-05-28 07:00:00,17.329166666666666,82.79166666666667,11.995833333333332,1009.5083333333333,4.791666666666667,2.3,12.4,20.9,8.499999999999998,2.658616699267345,34.0,8.9,0,16.129583333333333,12.040000000000001
2025-05-29 07:00:00,18.979166666666668,66.41666666666667,10.154166666666667,1008.8000000000001,4.458333333333333,0.0,13.5,23.7,10.2,3.542043032005638,26.299999999999997,4.0,0,17.96375,12.92
2025-05-30 07:00:00,20.25,64.20833333333333,8.208333333333334,1010.1708333333332,5.0,2.0,15.5,24.3,8.8,3.336751870229228,14.299999999999997,0.0,0,19.429166666666667,14.24
2025-05-31 07:00:00,19.333333333333332,75.20833333333333,11.191666666666668,1012.8208333333333,5.5,9.0,15.1,24.4,9.299999999999999,2.906464558855666,15.699999999999998,0.0,0,18.214166666666667,13.95
2025-06-01 07:00:00,20.962500000000002,60.416666666666664,12.333333333333334,1015.0875,1.7916666666666667,0.0,15.6,26.4,10.799999999999999,3.9002577952701065,10.799999999999997,0.0,0,19.729166666666668,14.41
2025-06-02 07:00:00,22.53333333333333,50.791666666666664,8.483333333333333,1016.4250000000001,2.1666666666666665,0.0,16.9,28.2,11.3,4.150920973414962,1.6999999999999993,0.0,0,21.685000000000002,16.5
2025-06-03 07:00:00,25.166666666666668,46.541666666666664,13.25,1014.8041666666667,2.9583333333333335,0.0,19.1,30.3,11.2,3.9896242240686477,0.0,0.0,0,23.84166666666667,17.55
2025-06-04 07:00:00,22.566666666666666,55.583333333333336,15.883333333333333,1015.9291666666667,2.1666666666666665,0.9999999999999999,15.2,28.6,13.400000000000002,4.474533414263694,9.300000000000002,0.0,0,20.97833333333333,14.52
2025-06-05 07:00:00,20.979166666666668,45.708333333333336,8.762500000000001,1020.5583333333334,0.0,0.0,15.0,26.4,11.399999999999999,4.170390365073928,13.799999999999999,0.0,0,20.10291666666667,14.24
2025-06-06 07:00:00,24.266666666666666,41.833333333333336,11.879166666666668,1019.2583333333333,1.0833333333333333,0.0,18.7,29.2,10.5,3.802020820411243,0.0,0.0,0,23.07875,17.689999999999998
2025-06-07 07:00:00,26.4875,37.833333333333336,10.595833333333333,1018.0791666666668,0.9583333333333334,0.0,19.0,32.5,13.5,4.786876307427287,0.0,0.0,0,25.427916666666665,18.24
2025-06-08 07:00:00,27.445833333333336,35.708333333333336,9.737499999999999,1015.2666666666668,0.0,0.0,19.5,33.4,13.899999999999999,4.851174592563766,0.0,0.0,0,26.472083333333334,18.74
2025-06-09 07:00:00,28.895833333333332,35.708333333333336,15.866666666666667,1014.2624999999999,0.875,0.0,21.0,34.6,13.600000000000001,4.908597529859719,0.0,0.0,0,27.30916666666667,18.439999999999998
2025-06-10 07:00:00,22.329166666666666,40.5,17.5625,1017.5208333333334,0.5,0.0,15.5,27.2,11.7,3.9240040737764903,6.800000000000001,0.0,0,20.572916666666668,14.46
2025-06-11 07:00:00,21.645833333333332,38.666666666666664,11.045833333333334,1013.8833333333333,3.625,0.2,16.8,27.0,10.2,3.6755335805089953,4.699999999999996,0.0,0,20.54125,15.25
2025-06-12 07:00:00,20.079166666666666,51.875,16.016666666666666,1012.3874999999999,2.0833333333333335,0.0,13.6,26.0,12.4,4.265124409895222,22.9,3.5,0,18.4775,12.379999999999999
2025-06-13 07:00:00,18.175,56.541666666666664,20.404166666666665,1013.5916666666667,2.4166666666666665,0.1,13.2,23.1,9.900000000000002,3.074332730712542,29.9,5.0,0,16.134583333333335,11.979999999999999
2025-06-14 07:00:00,17.904166666666665,70.79166666666667,14.820833333333333,1011.6083333333332,5.708333333333333,7.5,14.2,23.3,9.100000000000001,3.2407029788460187,35.3,4.5,0,16.422083333333333,12.360000000000001
2025-06-15 07:00:00,16.716666666666665,72.91666666666667,18.783333333333335,1009.1583333333333,3.875,7.9,13.4,20.3,6.9,2.224110309014969,41.4,6.300000000000001,0,14.838333333333333,12.030000000000001
2025-06-16 07:00:00,18.033333333333335,71.0,14.670833333333334,1010.25,2.7916666666666665,6.7,14.4,22.4,7.999999999999998,2.283335977994871,23.0,0.7999999999999989,0,16.56625,13.43
2025-06-17 07:00:00,22.458333333333332,57.5,13.854166666666666,1012.2791666666667,5.875,0.1,16.7,27.3,10.600000000000001,3.6365196771527084,2.900000000000002,0.0,0,21.072916666666668,15.149999999999999
2025-06-18 07:00:00,22.162499999999998,48.458333333333336,18.954166666666666,1013.1041666666666,4.291666666666667,0.0,17.6,27.1,9.5,3.161426824270552,0.6999999999999993,0.0,0,20.267083333333332,16.270000000000003
2025-06-19 07:00:00,23.420833333333334,45.791666666666664,20.070833333333333,1009.6958333333333,4.083333333333333,0.0,18.1,28.5,10.399999999999999,3.9480296865394915,0.0,0.0,0,21.413749999999997,16.92
2025-06-20 07:00:00,18.8875,42.083333333333336,21.099999999999998,1010.4041666666667,1.875,0.0,13.1,23.8,10.700000000000001,3.6368061119136086,29.699999999999996,5.799999999999999,0,16.7775,11.98
2025-06-21 07:00:00,17.629166666666666,60.708333333333336,16.375,1014.2333333333332,2.3333333333333335,0.2,13.3,22.4,9.099999999999998,2.9047905210211797,34.2,5.699999999999999,0,15.991666666666667,12.15
2025-06-22 07:00:00,19.595833333333335,57.875,16.675,1012.6750000000001,4.041666666666667,3.8,13.7,25.0,11.3,4.169504106336103,27.9,3.200000000000001,0,17.92833333333333,12.479999999999999
2025-06-23 07:00:00,17.275000000000002,57.916666666666664,17.912499999999998,1011.2083333333334,1.5833333333333333,4.5,12.0,21.6,9.600000000000001,3.1019278717821814,40.7,12.1,0,15.48375,11.21
2025-06-24 07:00:00,20.7375,65.125,13.083333333333334,1010.9208333333332,4.208333333333333,16.4,15.4,28.0,12.6,4.477752978797563,13.500000000000002,0.0,0,19.429166666666667,14.72
2025-06-25 07:00:00,22.483333333333334,54.083333333333336,19.837500000000002,1009.5541666666667,3.5,0.0,17.5,26.5,9.0,2.8172861851922972,0.6000000000000014,0.0,0,20.499583333333334,16.169999999999998
2025-06-26 07:00:00,21.1625,51.916666666666664,21.46666666666667,1010.0833333333334,0.4166666666666667,0.0,14.3,26.2,11.899999999999999,4.362569296820995,17.199999999999996,0.8999999999999986,0,19.015833333333333,13.08
2025-06-27 07:00:00,22.275000000000002,44.875,12.379166666666668,1013.2791666666667,2.875,0.0,17.0,26.6,9.600000000000001,2.923406291952263,1.0,0.0,0,21.03708333333333,15.81
2025-06-28 07:00:00,21.008333333333333,63.583333333333336,19.470833333333335,1007.1750000000001,5.833333333333333,5.5,15.2,27.9,12.7,4.207438202978632,14.7,0.0,0,19.061249999999998,13.399999999999999
2025-06-29 07:00:00,19.341666666666665,66.70833333333333,19.116666666666667,1006.3708333333334,3.9166666666666665,5.1,15.6,23.5,7.9,2.585228383934667,11.500000000000002,0.0,0,17.43,13.44
2025-06-30 07:00:00,20.729166666666668,49.416666666666664,20.208333333333332,1005.8625000000001,1.625,1.2999999999999998,15.4,25.8,10.4,3.5173457342849805,11.699999999999998,0.0,0,18.708333333333332,13.74
2025-07-01 07:00:00,19.025000000000002,56.291666666666664,19.400000000000002,1010.2291666666666,1.9166666666666667,0.6000000000000001,14.4,23.2,8.799999999999999,2.88598562773245,19.5,0.9000000000000004,0,17.085,13.1
2025-07-02 07:00:00,19.070833333333333,66.45833333333333,18.533333333333335,1012.2708333333334,2.7083333333333335,4.3,13.2,24.6,11.400000000000002,4.254458445756245,33.5,5.800000000000001,0,17.2175,12.08
2025-07-03 07:00:00,20.570833333333333,63.375,12.8375,1016.3125,2.5,0.0,15.3,25.7,10.399999999999999,3.233584518855152,8.0,0.0,0,19.28708333333333,14.0
2025-07-04 07:00:00,25.02916666666667,52.291666666666664,8.5625,1015.6416666666668,0.16666666666666666,0.0,18.9,30.3,11.400000000000002,3.995919567309359,0.0,0.0,0,24.172916666666666,18.07
2025-07-05 07:00:00,24.287499999999998,55.625,13.129166666666668,1015.2291666666666,1.6666666666666667,3.1,17.4,29.9,12.5,4.0426328592617224,0.6000000000000014,0.0,0,22.97458333333333,16.32
2025-07-06 07:00:00,24.075,49.5,7.6875,1015.1999999999999,0.3333333333333333,0.0,18.9,29.5,10.600000000000001,3.7897172086765436,0.0,0.0,0,23.306250000000002,18.18
2025-07-07 07:00:00,27.208333333333332,49.458333333333336,11.058333333333332,1011.8083333333334,1.4166666666666667,0.0,20.8,32.9,12.099999999999998,4.172260013852015,0.0,0.0,0,26.102500000000003,20.62
2025-07-08 07:00:00,29.295833333333334,42.375,10.708333333333334,1009.2125,0.3333333333333333,0.0,22.9,34.7,11.800000000000004,4.280845016812802,0.0,0.0,0,28.224999999999998,22.04
2025-07-09 07:00:00,29.0,38.666666666666664,16.016666666666666,1006.8125,0.0,0.0,21.6,35.3,13.699999999999996,4.807150471139212,0.0,0.0,0,27.39833333333333,20.3
2025-07-10 07:00:00,29.650000000000002,45.125,14.470833333333333,1005.1958333333333,0.20833333333333334,0.0,22.3,36.2,13.900000000000002,5.062908598647704,0.0,0.0,0,28.202916666666667,21.47
2025-07-11 07:00:00,28.962500000000002,48.166666666666664,10.041666666666666,1009.0708333333333,2.125,0.2,23.0,34.2,11.200000000000003,3.9534038718442424,0.0,0.0,0,27.958333333333332,22.75
2025-07-12 07:00:00,28.941666666666666,48.666666666666664,12.487499999999999,1012.7624999999999,2.8333333333333335,0.0,22.7,34.6,11.900000000000002,4.330871653069656,0.0,0.0,0,27.692916666666665,20.939999999999998
2025-07-13 07:00:00,27.866666666666664,50.0,12.266666666666666,1014.625,1.8333333333333333,0.1,21.7,33.3,11.599999999999998,3.8533629205022253,0.0,0.0,0,26.64,20.259999999999998
2025-07-14 07:00:00,26.229166666666668,44.958333333333336,13.108333333333334,1012.5500000000001,0.041666666666666664,0.0,19.5,31.8,12.3,4.270880081044966,0.0,0.0,0,24.918333333333333,19.07
2025-07-15 07:00:00,27.845833333333335,42.208333333333336,8.654166666666667,1007.8791666666666,0.9166666666666666,0.0,21.6,32.7,11.100000000000001,3.8821754509403696,0.0,0.0,0,26.980416666666667,20.92
2025-07-16 07:00:00,28.15833333333333,40.541666666666664,10.325000000000001,1006.3541666666666,1.1666666666666667,0.0,22.2,33.1,10.900000000000002,3.8389215726007877,0.0,0.0,0,27.125833333333333,21.41
2025-07-17 07:00:00,25.495833333333334,61.375,8.879166666666666,1008.2791666666667,4.666666666666667,1.1,19.6,32.5,12.899999999999999,4.110271245324927,0.0,0.0,0,24.607916666666668,19.020000000000003
2025-07-18 07:00:00,25.504166666666666,66.16666666666667,11.954166666666666,1008.7333333333332,6.791666666666667,4.9,19.8,31.0,11.2,3.458132087736367,0.0,0.0,0,24.30875,19.150000000000002
2025-07-19 07:00:00,23.745833333333334,52.916666666666664,13.741666666666667,1009.1374999999999,2.5,0.0,18.0,28.0,10.0,3.379217708115383,0.0,0.0,0,22.371666666666666,17.28
2025-07-20 07:00:00,24.733333333333334,51.125,11.291666666666666,1008.3249999999999,0.9166666666666666,0.0,20.1,29.6,9.5,3.4689513096043596,0.0,0.0,0,23.604166666666668,19.200000000000003
2025-07-21 07:00:00,25.920833333333334,57.166666666666664,13.633333333333333,1007.4583333333334,1.7916666666666667,1.0,21.3,31.1,9.8,3.2396965996788976,0.0,0.0,0,24.5575,20.47
2025-07-22 07:00:00,28.375,48.875,15.549999999999999,1007.225,2.9166666666666665,0.0,20.0,33.6,13.600000000000001,3.8759290611357318,0.0,0.0,0,26.819999999999997,18.24
2025-07-23 07:00:00,26.5125,50.583333333333336,16.558333333333334,1008.1583333333333,0.7916666666666666,0.0,20.5,32.0,11.5,4.251476725542091,0.0,0.0,0,24.856666666666666,19.38
2025-07-24 07:00:00,26.383333333333336,43.875,13.579166666666666,1011.1833333333334,0.041666666666666664,0.0,19.9,32.2,12.300000000000004,4.236350630751267,0.0,0.0,0,25.02541666666667,19.29
2025-07-25 07:00:00,27.525000000000002,46.5,7.862500000000001,1011.9125,2.3333333333333335,0.0,22.8,32.3,9.499999999999996,3.4952452174968753,0.0,0.0,0,26.73875,22.26
2025-07-26 07:00:00,29.583333333333332,46.25,10.433333333333334,1010.1374999999999,1.2916666666666667,0.0,23.2,35.6,12.400000000000002,4.2011040646857225,0.0,0.0,0,28.540000000000003,22.560000000000002
2025-07-27 07:00:00,29.2625,44.208333333333336,12.329166666666667,1008.3791666666666,1.9166666666666667,0.0,23.7,34.6,10.900000000000002,3.773455629963649,0.0,0.0,0,28.029583333333335,22.619999999999997
2025-07-28 07:00:00,28.508333333333336,36.708333333333336,19.241666666666667,1006.1958333333333,0.0,0.0,23.3,33.4,10.099999999999998,3.6158968659141166,0.0,0.0,0,26.584166666666665,21.5
2025-07-29 07:00:00,29.34583333333333,29.333333333333332,18.245833333333334,1004.5833333333334,1.125,0.0,24.3,34.4,10.099999999999998,3.705809677023206,0.0,0.0,0,27.52125,22.68
2025-07-30 07:00:00,28.229166666666668,49.333333333333336,17.520833333333332,1004.35,1.5416666666666667,0.0,20.2,35.0,14.8,5.287761025865926,0.0,0.0,0,26.477083333333336,18.619999999999997
2025-07-31 07:00:00,24.366666666666664,53.625,15.049999999999999,1007.7791666666667,1.875,0.0,18.4,30.3,11.900000000000002,4.083334812185479,0.0,0.0,0,22.861666666666665,17.25
2025-08-01 07:00:00,23.21666666666667,53.416666666666664,15.183333333333332,1010.7666666666668,2.3333333333333335,0.0,17.9,28.5,10.600000000000001,3.5684202651041255,0.10000000000000142,0.0,0,21.698333333333334,17.07
2025-08-02 07:00:00,25.395833333333332,46.333333333333336,18.6,1012.75,3.2916666666666665,0.0,20.6,29.6,9.0,2.9152491379351924,0.0,0.0,0,23.535833333333333,19.560000000000002
2025-08-03 07:00:00,23.6875,67.54166666666667,17.308333333333334,1010.9416666666666,4.75,0.0,19.2,28.9,9.7,2.6713150156886165,0.0,0.0,0,21.956666666666667,17.759999999999998
2025-08-04 07:00:00,25.141666666666666,55.5,12.637500000000001,1012.7125,1.5416666666666667,0.0,19.1,30.8,11.7,4.148746973397554,0.0,0.0,0,23.877916666666668,18.6
2025-08-05 07:00:00,26.825,47.916666666666664,9.254166666666666,1015.6958333333333,0.7916666666666666,0.0,20.6,32.8,12.199999999999996,4.184988701870367,0.0,0.0,0,25.899583333333336,20.04
2025-08-06 07:00:00,28.395833333333332,45.583333333333336,8.1625,1014.6750000000001,0.20833333333333334,0.0,22.5,33.9,11.399999999999999,4.21987833810476,0.0,0.0,0,27.579583333333332,21.78
2025-08-07 07:00:00,25.40416666666667,55.25,17.904166666666665,1016.9250000000001,4.458333333333333,0.8,19.3,29.9,10.599999999999998,3.6624390977772663,0.0,0.0,0,23.61375,17.54
2025-08-08 07:00:00,23.287499999999998,46.208333333333336,15.362499999999999,1019.3125,1.75,0.0,17.4,28.6,11.200000000000003,3.8118023239042356,1.1000000000000014,0.0,0,21.75125,16.389999999999997
2025-08-09 07:00:00,24.45,41.541666666666664,11.866666666666667,1018.8333333333334,1.1666666666666667,0.0,18.8,30.3,11.5,4.218798510188089,0.0,0.0,0,23.263333333333335,17.5
2025-08-10 07:00:00,24.224999999999998,42.5,12.408333333333333,1018.6666666666666,1.4583333333333333,0.0,19.5,29.5,10.0,3.8320445218435695,0.0,0.0,0,22.984166666666667,18.38
2025-08-11 07:00:00,23.333333333333332,45.666666666666664,19.654166666666665,1015.4958333333334,1.2916666666666667,0.0,16.8,29.4,12.599999999999998,4.201931922825258,2.3999999999999986,0.0,0,21.36791666666667,15.4
2025-08-12 07:00:00,22.21666666666667,43.791666666666664,16.025000000000002,1019.4166666666666,0.9583333333333334,0.0,16.5,27.3,10.8,3.8223219288197368,5.0000000000000036,0.0,0,20.614166666666666,15.38
2025-08-13 07:00:00,23.258333333333336,42.625,11.779166666666667,1020.7041666666668,0.9166666666666666,0.0,16.8,29.1,12.3,4.362181012796899,2.5,0.0,0,22.080416666666665,15.97
2025-08-14 07:00:00,23.65833333333333,41.166666666666664,13.316666666666668,1019.4875000000001,0.5,0.0,17.2,29.1,11.900000000000002,4.085809660239958,1.1000000000000014,0.0,0,22.326666666666668,15.719999999999999
2025-08-15 07:00:00,21.191666666666666,47.5,15.266666666666666,1018.9916666666667,1.7916666666666667,0.0,15.7,26.1,10.400000000000002,3.491345407378535,7.5,0.0,0,19.665,14.729999999999999
2025-08-16 07:00:00,22.795833333333334,46.083333333333336,7.741666666666667,1014.8625000000001,0.0,0.0,16.9,28.6,11.700000000000003,4.0012475409624395,2.6000000000000014,0.0,0,22.021666666666665,15.950000000000001
2025-08-17 07:00:00,25.508333333333336,37.291666666666664,11.241666666666667,1009.0208333333334,0.0,0.0,18.0,31.5,13.5,4.613582656410986,0.0,0.0,0,24.38416666666667,17.39
2025-08-18 07:00:00,22.474999999999998,48.708333333333336,15.116666666666667,1010.6083333333332,0.9166666666666666,0.7,15.3,28.5,13.2,4.266069364893984,6.299999999999997,0.0,0,20.963333333333335,14.22
2025-08-19 07:00:00,20.3875,47.416666666666664,9.070833333333333,1013.5291666666667,0.125,0.0,15.3,25.5,10.2,3.558860650606424,12.500000000000002,0.0,0,19.480416666666667,14.4
2025-08-20 07:00:00,23.03333333333333,40.666666666666664,8.799999999999999,1009.1,2.875,0.0,16.9,28.5,11.600000000000001,4.02715420793552,2.3000000000000043,0.0,0,22.153333333333332,15.999999999999998
2025-08-21 07:00:00,24.670833333333334,47.083333333333336,10.545833333333333,1010.2624999999999,2.0,0.0,18.6,29.9,11.299999999999997,4.143877533722824,0.0,0.0,0,23.616249999999997,17.59
2025-08-22 07:00:00,25.620833333333334,54.958333333333336,17.495833333333334,1006.3166666666666,2.5416666666666665,0.0,20.0,31.6,11.600000000000001,4.178514315406609,0.0,0.0,0,23.87125,19.060000000000002
2025-08-23 07:00:00,19.708333333333332,75.66666666666667,16.51666666666667,1004.725,4.791666666666667,7.0,14.2,25.1,10.900000000000002,3.5933412653511447,20.3,1.200000000000001,0,18.05666666666667,13.52
2025-08-24 07:00:00,17.916666666666668,61.375,16.083333333333332,1011.1291666666666,3.0833333333333335,3.4,10.8,24.1,13.3,4.528524730183558,48.5,18.9,0,16.308333333333334,9.22
2025-08-25 07:00:00,17.079166666666666,53.375,11.358333333333334,1016.2166666666667,1.875,0.0,11.5,22.8,11.3,3.758003536415333,51.8,15.600000000000001,0,15.943333333333333,9.879999999999999
2025-08-26 07:00:00,18.170833333333334,55.041666666666664,11.924999999999999,1016.5708333333333,2.0833333333333335,0.0,12.3,23.5,11.2,4.071478651030494,42.1,11.200000000000001,0,16.978333333333335,11.870000000000001
2025-08-27 07:00:00,20.079166666666666,52.625,8.354166666666666,1018.5958333333333,1.5833333333333333,0.0,13.9,26.8,12.9,4.651225099641625,25.200000000000003,2.8000000000000007,0,19.243750000000002,13.35
2025-08-28 07:00:00,22.2375,45.0,7.2,1020.4458333333333,0.4583333333333333,0.0,15.0,29.1,14.100000000000001,4.926221984795067,9.699999999999996,0.0,0,21.5175,14.46
2025-08-29 07:00:00,24.65416666666667,30.333333333333332,14.829166666666666,1017.8416666666667,0.0,0.0,17.4,30.9,13.5,4.48494866110568,0.6000000000000014,0.0,0,23.17125,16.32
2025-08-30 07:00:00,25.9375,30.541666666666668,15.304166666666667,1011.5875,0.08333333333333333,0.0,19.9,32.4,12.5,4.491810180278344,0.0,0.0,0,24.407083333333333,18.74
2025-08-31 07:00:00,26.941666666666666,48.25,11.825000000000001,1007.8874999999999,1.5833333333333333,0.0,19.9,33.4,13.5,4.681872225534556,0.0,0.0,0,25.75916666666667,18.68
2025-09-01 07:00:00,23.09166666666667,71.54166666666667,10.004166666666666,1006.7708333333334,2.2083333333333335,4.2,17.2,30.1,12.900000000000002,4.350503885525334,1.8999999999999986,0.0,0,22.091250000000002,16.8
2025-09-02 07:00:00,23.9375,56.916666666666664,12.116666666666667,1008.4958333333334,1.0416666666666667,0.0,18.3,29.1,10.8,3.5958687043787396,0.0,0.0,0,22.72583333333333,16.7
2025-09-03 07:00:00,21.7625,55.625,15.458333333333334,1013.7083333333334,0.0,0.0,15.6,27.4,11.799999999999999,3.9745727142511265,6.799999999999995,0.0,0,20.216666666666665,14.27
2025-09-04 07:00:00,20.1125,56.416666666666664,13.762500000000001,1017.0791666666668,0.0,0.0,14.0,25.6,11.600000000000001,3.849936476042848,17.8,1.5,0,18.736250000000002,12.78
2025-09-05 07:00:00,19.104166666666668,55.375,11.520833333333334,1018.7958333333332,0.0,0.0,14.0,24.4,10.399999999999999,3.562788254292911,24.0,1.9000000000000004,0,17.952083333333334,12.99
2025-09-06 07:00:00,20.266666666666666,50.458333333333336,14.454166666666666,1018.8583333333332,0.5833333333333334,0.0,15.2,25.2,10.0,3.5300778001854756,14.000000000000002,0.0,0,18.82125,13.979999999999999
2025-09-07 07:00:00,21.508333333333336,50.333333333333336,16.633333333333333,1017.7375000000001,1.3333333333333333,0.0,15.8,26.8,11.0,3.555145281280991,3.8999999999999986,0.0,0,19.845,14.290000000000001
2025-09-08 07:00:00,21.75,60.083333333333336,15.541666666666666,1016.3125,3.125,2.4,17.5,28.1,10.600000000000001,4.031614198243461,1.899999999999995,0.0,0,20.195833333333333,15.96
2025-09-09 07:00:00,21.3125,60.375,16.650000000000002,1016.9208333333335,7.75,4.5,16.6,27.7,11.099999999999998,3.9548882796291265,6.300000000000004,0.0,0,19.6475,14.98
2025-09-10 07:00:00,20.545833333333334,50.75,18.841666666666665,1019.6666666666666,4.458333333333333,0.0,14.6,26.1,11.500000000000002,3.5330709842444645,11.799999999999999,0.40000000000000036,0,18.661666666666665,13.049999999999999
2025-09-11 07:00:00,18.3625,43.75,14.691666666666668,1021.9958333333334,0.3333333333333333,0.0,12.0,24.4,12.399999999999999,4.17495769309468,38.099999999999994,10.0,0,16.893333333333334,10.96
2025-09-12 07:00:00,19.095833333333335,43.25,13.491666666666667,1023.5583333333334,0.0,0.0,13.0,24.7,11.7,3.8927445517176618,26.7,5.299999999999999,0,17.746666666666666,11.81
2025-09-13 07:00:00,16.962500000000002,43.666666666666664,14.325000000000001,1028.5333333333333,2.7083333333333335,0.0,11.6,21.9,10.299999999999999,3.4129946687177304,49.4,14.4,0,15.53,10.27
2025-09-14 07:00:00,18.76666666666667,43.291666666666664,17.541666666666668,1025.5666666666666,1.0416666666666667,0.0,12.3,24.1,11.8,3.632661818014163,28.199999999999996,5.1999999999999975,0,17.0125,10.790000000000001
2025-09-15 07:00:00,19.395833333333332,36.25,17.604166666666668,1020.6999999999999,5.541666666666667,0.0,14.3,24.6,10.3,3.5992123735818833,21.599999999999998,1.0999999999999996,0,17.635416666666668,12.68
2025-09-16 07:00:00,17.9375,35.625,13.720833333333333,1018.4250000000001,3.2916666666666665,0.0,13.0,23.9,10.899999999999999,3.7510360887534038,39.5,8.600000000000001,0,16.565416666666668,11.629999999999999
2025-09-17 07:00:00,19.45,57.958333333333336,13.579166666666666,1013.2041666666668,6.166666666666667,3.2,13.1,25.0,11.9,3.676363988224378,21.6,2.0999999999999996,0,18.09208333333333,11.62
2025-09-18 07:00:00,14.516666666666666,90.625,17.745833333333334,1011.85,6.125,10.1,12.6,15.8,3.200000000000001,0.9149324834518462,83.6,14.3,0,12.742083333333333,10.319999999999999
2025-09-19 07:00:00,16.7625,63.083333333333336,15.637500000000001,1019.0124999999999,2.0,0.0,12.7,22.0,9.3,3.253200764999188,52.5,12.399999999999999,0,15.198749999999999,10.579999999999998
2025-09-20 07:00:00,16.579166666666666,67.29166666666667,15.379166666666668,1021.4541666666668,2.3333333333333335,0.0,10.9,22.2,11.299999999999999,3.9217320005398104,59.7,23.200000000000003,0,15.04125,9.96
2025-09-21 07:00:00,16.1875,68.54166666666667,6.0249999999999995,1024.7458333333334,0.0,0.0,11.3,22.4,11.099999999999998,3.8114601219046724,66.8,24.799999999999997,0,15.585,10.33
2025-09-22 07:00:00,18.504166666666666,60.208333333333336,6.108333333333333,1022.9416666666666,0.0,0.0,11.6,25.4,13.799999999999999,4.835509879743959,43.5,14.299999999999999,0,17.893333333333334,11.059999999999999
2025-09-23 07:00:00,19.087500000000002,58.625,5.8999999999999995,1018.8708333333334,0.0,0.0,12.4,26.3,13.9,5.049779375292592,40.4,12.1,0,18.4975,12.15
2025-09-24 07:00:00,19.041666666666668,54.291666666666664,15.720833333333333,1016.3833333333333,3.5833333333333335,0.0,12.1,27.3,15.200000000000001,5.77128699885809,49.5,16.900000000000002,0,17.469583333333333,9.799999999999999
2025-09-25 07:00:00,12.012500000000001,51.708333333333336,18.675,1024.5125,2.4166666666666665,0.0,7.2,16.6,9.400000000000002,2.587648336432807,143.7,75.8,0,10.145,6.01
2025-09-26 07:00:00,10.525,53.5,14.804166666666667,1030.1291666666666,0.20833333333333334,0.0,5.9,15.1,9.2,2.938093140856468,179.4,107.5,0,9.044583333333334,4.890000000000001
2025-09-27 07:00:00,9.887500000000001,61.0,8.045833333333333,1026.0166666666667,0.9583333333333334,0.0,5.4,15.1,9.7,3.4461462408092154,194.7,122.8,0,9.082916666666668,4.140000000000001
2025-09-28 07:00:00,11.683333333333332,53.333333333333336,8.1875,1020.975,2.375,0.0,7.0,16.9,9.899999999999999,3.6696957185394345,151.6,89.4,0,10.864583333333334,5.88
2025-09-29 07:00:00,12.875,58.75,21.516666666666666,1019.5583333333334,7.75,0.5,7.3,17.1,9.8,2.3609596427687216,123.0,57.699999999999996,0,10.723333333333334,5.859999999999999
2025-09-30 07:00:00,10.262500000000001,57.541666666666664,23.875,1022.8125,8.0,0.1,9.4,11.5,2.0999999999999996,0.5330898447810604,185.7,113.7,0,7.875,7.24
2025-10-01 07:00:00,9.083333333333334,69.70833333333333,16.304166666666667,1021.4291666666667,6.416666666666667,1.4,7.2,11.4,4.2,1.1738701012006205,214.0,142.0,0,7.452916666666667,5.75
2025-10-02 07:00:00,13.091666666666667,70.125,12.458333333333334,1021.0791666666668,6.375,0.5,9.4,18.0,8.6,2.9209761124109455,117.8,59.1,0,11.845833333333333,8.280000000000001
2025-10-03 07:00:00,13.975,55.75,21.7625,1018.5625,5.375,0.0,10.3,18.2,7.899999999999999,2.5636675494977554,96.89999999999999,41.0,0,11.79875,8.45
2025-10-04 07:00:00,16.125,72.875,17.05,1013.6999999999999,3.125,6.0,10.2,21.7,11.5,3.3341774293571693,61.400000000000006,20.200000000000003,0,14.42,8.26
2025-10-05 07:00:00,13.362499999999999,73.08333333333333,14.670833333333334,1013.2666666666668,4.25,0.30000000000000004,8.1,18.2,10.1,3.5074842340592083,111.6,57.0,0,11.895416666666668,7.63
2025-10-06 07:00:00,13.591666666666667,75.29166666666667,6.9375,1015.8958333333334,7.708333333333333,0.0,8.0,18.7,10.7,3.2725361348078637,107.7,54.6,0,12.897916666666667,7.75
2025-10-07 07:00:00,16.204166666666666,65.625,15.674999999999999,1014.1833333333334,7.208333333333333,0.3,10.8,21.1,10.3,3.1921751023491742,58.4,18.0,0,14.636666666666665,9.790000000000001
2025-10-08 07:00:00,15.487499999999999,65.45833333333333,15.829166666666666,1007.6333333333333,7.833333333333333,0.2,12.4,20.1,7.700000000000001,2.2918214703972755,66.0,15.800000000000002,0,13.904583333333333,10.780000000000001
2025-10-09 07:00:00,15.299999999999999,84.20833333333333,9.279166666666667,1007.4958333333334,7.5,8.9,11.6,20.4,8.799999999999999,2.9620791757612195,74.30000000000001,26.0,0,14.372083333333334,10.99
2025-10-10 07:00:00,12.554166666666667,80.79166666666667,17.120833333333334,1010.7416666666667,7.541666666666667,1.2000000000000002,8.7,15.8,7.100000000000001,2.1924731254446668,130.7,61.8,0,10.842083333333333,7.619999999999999
2025-10-11 07:00:00,11.216666666666667,83.91666666666667,9.6,1012.5833333333334,6.375,1.8,7.9,14.1,6.199999999999999,1.714051053642438,162.8,90.8,0,10.256666666666666,6.890000000000001
2025-10-12 07:00:00,11.220833333333333,74.29166666666667,14.375,1014.2541666666666,4.916666666666667,0.0,7.9,15.0,7.1,2.0536244029534214,162.7,90.7,0,9.783333333333333,6.75
2025-10-13 07:00:00,7.954166666666667,72.625,12.308333333333332,1016.0749999999999,3.5,1.5,2.8,12.3,9.5,3.264163674320517,241.1,169.1,0,6.723333333333333,1.9
2025-10-14 07:00:00,7.625,74.29166666666667,11.975,1019.4416666666666,3.2083333333333335,0.0,3.0,12.7,9.7,3.3492698750104,249.0,177.0,0,6.427499999999999,2.0300000000000002
2025-10-15 07:00:00,7.104166666666667,67.16666666666667,9.583333333333334,1022.9166666666666,5.208333333333333,0.0,3.1,11.1,8.0,2.5548724407308088,261.5,189.5,0,6.145833333333333,2.45
2025-10-16 07:00:00,9.066666666666666,60.541666666666664,10.825000000000001,1024.9458333333334,6.291666666666667,0.0,5.2,12.4,7.2,2.101069430938252,214.4,142.4,0,7.984166666666667,4.19
2025-10-17 07:00:00,10.720833333333333,60.25,14.145833333333334,1024.5125,7.625,0.0,8.2,13.5,5.300000000000001,1.7008895796961183,174.7,102.7,0,9.30625,7.079999999999999
2025-10-18 07:00:00,9.270833333333334,74.33333333333333,9.233333333333333,1020.5749999999999,6.75,0.0,5.2,13.8,8.600000000000001,2.83188048855337,209.5,137.5,0,8.3475,4.59
2025-10-19 07:00:00,7.9125000000000005,78.75,10.779166666666667,1014.3166666666666,5.208333333333333,1.0,3.3,13.6,10.3,3.375527334004081,242.1,170.1,0,6.834583333333334,1.9699999999999998
2025-10-20 07:00:00,6.883333333333333,71.5,16.558333333333334,1014.1833333333334,7.375,0.8,5.2,9.1,3.8999999999999995,1.0598058340078624,266.8,194.8,0,5.2275,3.6500000000000004
2025-10-21 07:00:00,7.583333333333333,76.75,11.429166666666667,1016.9291666666667,6.166666666666667,0.0,2.9,11.4,8.5,2.573217689073803,250.0,178.0,0,6.440416666666667,2.25
2025-10-22 07:00:00,8.012500000000001,74.5,8.116666666666667,1017.7708333333334,4.291666666666667,0.0,2.3,12.4,10.100000000000001,3.0251572003710026,239.7,167.7,0,7.200833333333333,1.7599999999999998
2025-10-23 07:00:00,10.975,74.16666666666667,15.225,1014.8333333333334,4.333333333333333,0.0,4.4,15.7,11.299999999999999,2.980552910480522,168.6,98.2,0,9.452499999999999,3.1000000000000005
2025-10-24 07:00:00,14.35,87.25,23.65833333333333,1007.5291666666667,6.666666666666667,6.2,10.5,17.9,7.399999999999999,1.9194655053131213,87.60000000000001,26.900000000000002,0,11.984166666666667,8.95
2025-10-25 07:00:00,10.184,75.68,16.215999999999998,1008.8,3.6,0.3,5.4,14.8,9.4,3.403757727375241,195.4,120.4,0,8.5624,4.720000000000001
2025-10-26 07:00:00,11.799999999999999,77.83333333333333,18.529166666666665,1010.0166666666668,7.333333333333333,7.7,7.4,15.8,8.4,2.0822228924668567,148.8,78.0,0,9.947083333333333,6.28
2025-10-27 07:00:00,10.304166666666667,94.75,15.470833333333333,1002.7333333333332,5.25,10.7,5.2,13.8,8.600000000000001,2.916591096329482,184.7,112.69999999999999,0,8.757083333333332,4.29
2025-10-28 07:00:00,8.195833333333333,89.41666666666667,11.362499999999999,1010.6166666666667,5.333333333333333,6.2,4.7,12.8,8.100000000000001,2.6268644172599904,235.3,163.3,0,7.059583333333333,3.58
2025-10-29 07:00:00,8.608333333333333,77.66666666666667,13.779166666666667,1017.0208333333334,3.125,0.3,4.2,13.6,9.399999999999999,3.065079141707035,225.4,153.4,0,7.230416666666667,3.4699999999999998
2025-10-30 07:00:00,10.4375,78.70833333333333,13.6625,1019.525,6.625,0.0,4.6,14.4,9.8,2.3156955007457074,181.5,109.5,0,9.071250000000001,3.7699999999999996
2025-10-31 07:00:00,10.979166666666666,67.16666666666667,17.916666666666668,1015.3583333333332,2.7083333333333335,0.2,6.0,16.8,10.8,3.735724033968651,168.5,101.5,0,9.1875,4.6
2025-11-01 07:00:00,8.375,78.83333333333333,11.1,1023.2541666666666,3.9166666666666665,0.0,3.7,14.0,10.3,3.537162950604684,231.0,159.0,0,7.265,3.15
2025-11-02 07:00:00,8.191666666666666,83.125,8.541666666666666,1026.4416666666666,4.291666666666667,0.0,4.2,13.3,9.100000000000001,2.6761290452193567,235.4,163.4,0,7.3374999999999995,3.66
2025-11-03 07:00:00,8.975,77.58333333333333,16.712500000000002,1023.1541666666667,5.416666666666667,0.0,5.3,14.3,9.0,3.152811030065765,216.6,144.6,0,7.30375,4.109999999999999
2025-11-04 07:00:00,8.4375,82.79166666666667,7.3999999999999995,1021.6,3.8333333333333335,0.0,5.3,13.5,8.2,2.77203621596268,229.5,157.5,0,7.697500000000001,4.04
2025-11-05 07:00:00,8.758333333333333,83.20833333333333,9.120833333333334,1024.4583333333333,7.708333333333333,0.0,6.4,12.7,6.299999999999999,2.1878948918928938,221.8,149.8,0,7.84625,5.54
2025-11-06 07:00:00,9.5375,83.54166666666667,9.708333333333334,1023.9666666666667,7.75,0.0,7.7,11.8,4.1000000000000005,1.2665641644262229,203.1,131.1,0,8.566666666666666,6.66
2025-11-07 07:00:00,8.866666666666667,84.79166666666667,11.645833333333334,1022.9499999999999,2.625,0.0,5.9,12.9,7.0,2.48660177869258,219.2,147.2,0,7.702083333333333,4.75
2025-11-08 07:00:00,8.366666666666667,87.08333333333333,10.283333333333333,1022.1625,0.08333333333333333,0.0,4.5,14.0,9.5,3.186611484574672,231.2,159.2,0,7.338333333333334,3.74
2025-11-09 07:00:00,8.545833333333333,90.75,4.816666666666666,1020.725,6.666666666666667,6.800000000000001,4.8,12.5,7.7,2.1131018137710065,226.9,154.9,0,8.064166666666667,3.76
2025-11-10 07:00:00,11.266666666666666,95.91666666666667,10.612499999999999,1017.5500000000001,8.0,0.9000000000000001,6.3,12.4,6.1000000000000005,1.4511364861546536,161.6,89.6,0,10.205416666666666,5.72
2025-11-11 07:00:00,12.133333333333333,90.79166666666667,15.933333333333332,1012.7166666666667,7.958333333333333,3.3000000000000003,9.5,15.7,6.199999999999999,1.799677909991158,140.8,70.10000000000001,0,10.54,8.17
2025-11-12 07:00:00,8.058333333333334,82.66666666666667,11.895833333333334,1017.5041666666666,5.458333333333333,0.0,3.4,11.0,7.6,2.5867415572604027,238.6,166.6,0,6.8687499999999995,2.75
2025-11-13 07:00:00,5.558333333333334,90.45833333333333,4.6499999999999995,1022.4250000000001,5.583333333333333,0.1,3.0,10.0,7.0,2.3865413698792084,298.6,226.6,0,5.093333333333333,2.46
2025-11-14 07:00:00,5.616666666666667,90.5,8.174999999999999,1022.5791666666668,2.9166666666666665,0.0,3.2,10.2,6.999999999999999,2.416189358161474,297.2,225.2,0,4.799166666666667,2.5500000000000003
2025-11-15 07:00:00,7.795833333333333,87.75,12.508333333333333,1016.4958333333334,7.375,0.0,4.0,10.2,6.199999999999999,1.454671385770583,244.9,172.9,0,6.545000000000001,2.7800000000000002
2025-11-16 07:00:00,9.512500000000001,88.70833333333333,12.720833333333333,1017.4041666666667,8.0,2.3,7.8,11.2,3.3999999999999995,0.8867686821557094,203.7,131.7,0,8.240416666666667,6.68
2025-11-17 07:00:00,12.533333333333333,83.0,22.108333333333334,1013.7041666666668,6.458333333333333,0.0,10.3,15.8,5.5,1.4719601443879737,131.2,60.8,0,10.3225,8.32
2025-11-18 07:00:00,11.670833333333334,80.08333333333333,19.779166666666665,1013.7583333333333,7.708333333333333,1.7,5.9,18.3,12.4,4.671884376050889,152.3,95.6,0,9.692916666666667,4.32
2025-11-19 07:00:00,4.5125,89.66666666666667,14.612499999999999,1019.1708333333332,8.0,12.8,3.3,5.8,2.5,0.9834776361817114,323.7,251.7,0,3.05125,1.9699999999999998
2025-11-20 07:00:00,8.241666666666667,98.04166666666667,14.191666666666668,1019.5625,7.916666666666667,7.7,3.4,10.9,7.5,2.759003705919107,234.2,162.2,0,6.822500000000001,2.0999999999999996
2025-11-21 07:00:00,11.875,86.83333333333333,16.129166666666666,1019.2791666666667,3.75,0.1,9.1,16.5,7.4,2.3093853878392006,147.0,78.60000000000001,0,10.262083333333333,7.9799999999999995
2025-11-22 07:00:00,11.070833333333333,86.625,10.941666666666668,1018.1583333333333,5.583333333333333,0.0,8.3,16.1,7.800000000000001,2.6708538232047707,166.3,97.1,0,9.976666666666667,7.470000000000001
2025-11-23 07:00:00,12.2125,81.58333333333333,13.487499999999999,1013.6333333333333,8.0,3.9000000000000004,8.2,16.3,8.100000000000001,2.258955607085409,138.9,71.1,0,10.863750000000001,7.339999999999999
2025-11-24 07:00:00,6.8875,83.33333333333333,10.658333333333333,1015.9708333333333,4.25,0.7000000000000001,2.5,12.8,10.3,3.9218798176828193,266.7,194.7,0,5.821666666666666,1.6600000000000001
2025-11-25 07:00:00,6.870833333333334,85.625,13.366666666666667,1020.1041666666666,2.5833333333333335,0.0,3.3,11.2,7.8999999999999995,2.2628337691193017,267.1,195.1,0,5.534166666666667,2.36
2025-11-26 07:00:00,9.716666666666667,92.33333333333333,17.491666666666667,1018.9833333333332,7.375,0.0,5.1,12.1,7.0,1.47461613771964,198.8,126.8,0,7.9675,3.7299999999999995
2025-11-27 07:00:00,10.791666666666666,92.58333333333333,14.866666666666667,1021.4666666666667,8.0,0.5,7.1,13.6,6.5,1.5736738147921001,173.0,101.0,0,9.305,5.77
2025-11-28 07:00:00,8.766666666666667,89.08333333333333,9.45,1022.6374999999999,7.833333333333333,0.0,5.6,13.5,7.9,2.3832142465434236,221.6,149.6,0,7.821666666666666,4.84
2025-11-29 07:00:00,5.616666666666667,89.95833333333333,13.049999999999999,1018.8291666666668,6.291666666666667,0.0,2.3,10.9,8.600000000000001,2.211956966848226,297.2,225.2,0,4.3116666666666665,0.8499999999999999
2025-11-30 07:00:00,5.6875,86.375,17.095833333333335,1015.0583333333334,8.0,0.30000000000000004,2.7,10.0,7.3,1.4099992291086392,295.5,223.5,0,3.9779166666666668,0.8300000000000001
2025-12-01 07:00:00,7.804166666666667,95.45833333333333,10.362499999999999,1017.4541666666668,8.0,0.4,6.0,10.8,4.800000000000001,1.0952383765415068,244.7,172.7,0,6.767916666666667,4.56
2025-12-02 07:00:00,7.204166666666667,88.125,8.887500000000001,1024.0874999999999,8.0,0.0,6.0,8.9,2.9000000000000004,0.99103773747595,259.1,187.1,0,6.315416666666667,5.1
2025-12-03 07:00:00,6.166666666666667,81.29166666666667,11.049999999999999,1028.1208333333334,8.0,0.0,5.4,7.7,2.3,0.8148975217869381,284.0,212.0,0,5.0616666666666665,4.28
2025-12-04 07:00:00,4.766666666666667,80.58333333333333,13.570833333333333,1027.5333333333333,5.875,0.0,0.6,7.5,6.9,2.2536283144543034,317.6,245.6,0,3.4095833333333334,-0.9500000000000001
2025-12-05 07:00:00,2.6791666666666667,78.04166666666667,17.525000000000002,1025.3916666666667,4.333333333333333,0.0,0.6,4.6,3.9999999999999996,1.328608021713823,367.7,295.7,0,0.9266666666666666,-0.9800000000000001
2025-12-06 07:00:00,4.291666666666667,80.5,19.158333333333335,1023.5749999999999,6.416666666666667,0.0,1.0,5.6,4.6,1.349369149435867,329.0,257.0,0,2.375833333333333,-0.8399999999999999
2025-12-07 07:00:00,3.3208333333333333,74.04166666666667,23.400000000000002,1020.2541666666666,7.5,0.0,1.4,6.4,5.0,1.5214350110187491,352.3,280.3,0,0.9808333333333333,-0.8700000000000001
2025-12-08 07:00:00,2.4541666666666666,74.29166666666667,16.537499999999998,1022.6333333333333,8.0,0.0,1.2,3.3,2.0999999999999996,0.5985338366568663,373.1,301.1,0,0.8004166666666666,-0.18000000000000016
2025-12-09 07:00:00,2.3375,84.125,6.995833333333334,1021.8041666666667,8.0,2.1,0.8,3.3,2.5,0.7359185328258296,375.9,303.9,0,1.6379166666666667,-0.31999999999999984
2025-12-10 07:00:00,3.0708333333333333,92.375,8.75,1020.35,7.958333333333333,0.6000000000000001,0.8,4.5,3.7,1.035659490233226,358.3,286.3,0,2.1958333333333333,-0.3900000000000001
2025-12-11 07:00:00,4.9125000000000005,90.29166666666667,13.1875,1018.4958333333334,7.708333333333333,5.8,2.2,6.4,4.2,1.026311462174765,314.1,242.1,0,3.59375,1.52
2025-12-12 07:00:00,6.3875,82.83333333333333,19.575,1013.9166666666666,7.458333333333333,0.5,2.4,8.2,5.799999999999999,1.1648147828135038,278.7,206.7,0,4.43,-0.5500000000000003
2025-12-13 07:00:00,-2.3000000000000003,61.5,16.183333333333334,1025.325,2.5416666666666665,0.0,-5.5,1.0,6.5,2.155478359093809,487.2,415.2,20,-3.9183333333333334,-6.18
2025-12-14 07:00:00,-1.0,79.70833333333333,8.495833333333334,1022.8416666666667,8.0,1.2,-3.8,-0.2,3.5999999999999996,1.03209369308428,456.0,384.0,24,-1.8495833333333334,-4.38
2025-12-15 07:00:00,0.47500000000000003,86.875,8.887500000000001,1022.4208333333332,7.916666666666667,0.8,-1.6,1.5,3.1,0.674536878161602,420.6,348.6,5,-0.41375000000000006,-2.21
2025-12-16 07:00:00,1.7958333333333334,94.20833333333333,7.441666666666666,1029.1791666666666,8.0,0.0,0.8,3.7,2.9000000000000004,0.8415715974432529,388.9,316.9,0,1.0516666666666665,-0.05999999999999994
2025-12-17 07:00:00,1.7874999999999999,91.41666666666667,9.541666666666666,1030.9291666666666,7.833333333333333,0.0,-1.1,3.7,4.800000000000001,1.2598524758357883,389.1,317.1,2,0.8333333333333334,-1.71
2025-12-18 07:00:00,4.508333333333334,94.25,10.704166666666666,1027.3999999999999,7.875,0.0,1.1,8.8,7.700000000000001,2.3730216779578663,323.8,251.8,0,3.4379166666666667,0.38
2025-12-19 07:00:00,2.7083333333333335,92.91666666666667,7.379166666666666,1028.0666666666666,7.916666666666667,0.0,1.4,4.8,3.4,1.0693015463850453,367.0,295.0,0,1.9704166666666667,0.6399999999999999
2025-12-20 07:00:00,1.4333333333333333,89.66666666666667,8.299999999999999,1025.3374999999999,8.0,0.0,0.8,2.2,1.4000000000000001,0.5036101551853348,397.6,325.6,0,0.6033333333333334,-0.09999999999999998
2025-12-21 07:00:00,2.0916666666666663,89.58333333333333,7.533333333333334,1020.3541666666666,8.0,0.0,0.9,3.4,2.5,0.7459552770523975,381.8,309.8,0,1.3383333333333332,0.10999999999999999
2025-12-22 07:00:00,1.6583333333333332,84.20833333333333,10.762500000000001,1021.5625,7.5,0.0,-0.8,2.9,3.7,0.8171619320479913,392.2,320.2,1,0.5820833333333333,-1.7000000000000002
2025-12-23 07:00:00,1.1041666666666667,85.70833333333333,8.325000000000001,1022.9791666666666,7.791666666666667,0.1,-0.8,3.0,3.8,1.1866940438138165,405.5,333.5,6,0.2716666666666666,-1.81
2025-12-24 07:00:00,-4.816666666666666,68.29166666666667,15.329166666666666,1032.7791666666667,3.5416666666666665,0.2,-8.7,-0.2,8.5,3.269179749093656,547.6,475.6,24,-6.3495833333333325,-9.78
2025-12-25 07:00:00,-5.866666666666667,56.333333333333336,11.595833333333333,1030.2416666666666,3.4583333333333335,0.0,-8.6,-4.1,4.5,1.2520128720919996,572.8,500.8,24,-7.02625,-9.54
2025-12-26 07:00:00,-2.55,81.375,19.75,1010.8208333333333,7.625,2.3,-6.1,-0.2,5.8999999999999995,2.1621245590149636,493.2,421.2,24,-4.525,-8.37
2025-12-27 07:00:00,-0.35000000000000003,77.16666666666667,18.566666666666666,1006.1333333333333,7.916666666666667,3.1,-1.8,1.9,3.7,1.1876172710973414,440.4,368.4,15,-2.2066666666666666,-3.7300000000000004
2025-12-28 07:00:00,-1.4333333333333333,90.66666666666667,16.829166666666666,993.225,7.875,5.0,-4.1,0.4,4.5,1.2651401938698048,466.4,394.4,21,-3.1162500000000004,-5.22
2025-12-29 07:00:00,-2.2833333333333337,89.79166666666667,20.925,999.0124999999999,7.666666666666667,0.4,-4.7,-0.8,3.9000000000000004,1.1484078455453641,486.8,414.8,24,-4.3758333333333335,-6.57
2025-12-30 07:00:00,-3.5416666666666665,87.875,19.337500000000002,1001.4166666666666,7.0,1.2,-6.3,-0.7,5.6,1.753485142488392,517.0,445.0,24,-5.475416666666667,-8.21
2025-12-31 07:00:00,-6.645833333333333,84.29166666666667,17.5625,1004.8125,5.583333333333333,0.0,-8.6,-4.5,4.1,1.1938171029778046,591.5,519.5,24,-8.402083333333334,-10.15
2026-01-01 07:00:00,-7.841666666666666,83.375,12.237499999999999,1015.6708333333332,5.833333333333333,0.0,-10.7,-5.5,5.199999999999999,1.5398804771987895,620.2,548.2,24,-9.065416666666666,-11.889999999999999
2026-01-02 07:00:00,1.1875,85.04166666666667,28.504166666666666,1011.0875,7.875,0.4,-5.2,2.9,8.1,2.277357832149391,403.5,331.5,4,-1.6629166666666668,-7.180000000000001
2026-01-03 07:00:00,1.5916666666666668,94.29166666666667,18.795833333333334,1006.9666666666667,5.666666666666667,9.7,-2.8,4.6,7.3999999999999995,2.452136010602339,393.8,321.8,6,-0.28791666666666677,-3.7699999999999996
2026-01-04 07:00:00,0.2916666666666667,93.0,12.237499999999999,1013.8708333333334,7.625,1.7,-3.0,2.1,5.1,1.1545436390595003,425.0,353.0,4,-0.9320833333333334,-3.72
2026-01-05 07:00:00,-0.075,89.41666666666667,16.304166666666667,1023.0166666666665,8.0,1.9,-1.0,1.1,2.1,0.6009051144080395,433.8,361.8,12,-1.7054166666666666,-2.56
2026-01-06 07:00:00,2.9291666666666667,95.20833333333333,18.091666666666665,1017.3958333333334,7.666666666666667,3.0,1.4,3.6,2.2,0.6017938161043608,361.7,289.7,0,1.1199999999999999,-0.8000000000000003
2026-01-07 07:00:00,4.841666666666667,94.375,16.729166666666668,1012.1541666666667,7.875,5.6,2.3,7.1,4.8,1.1424293971778876,315.8,243.8,0,3.1687499999999997,0.7199999999999998
2026-01-08 07:00:00,5.641666666666667,91.04166666666667,26.366666666666664,996.9375,8.0,10.0,-1.0,8.7,9.7,2.8356299302710983,296.6,224.6,2,3.0049999999999994,-3.4800000000000004
2026-01-09 07:00:00,-2.379166666666667,63.375,24.666666666666668,1002.4541666666668,6.625,0.0,-3.4,-0.9,2.5,0.6143070798922938,489.1,417.1,24,-4.845833333333333,-6.04
2026-01-10 07:00:00,0.37916666666666665,90.83333333333333,14.508333333333333,1002.1333333333333,7.166666666666667,6.5,-1.4,2.8,4.199999999999999,1.091858872337194,422.90000000000003,350.9,8,-1.0716666666666668,-3.13
2026-01-11 07:00:00,-9.1875,85.54166666666667,19.4625,1005.8666666666667,4.166666666666667,13.299999999999999,-16.4,-0.9,15.499999999999998,5.159989256813892,652.5,580.5,24,-11.13375,-17.16
2026-01-12 07:00:00,-11.3375,88.66666666666667,7.079166666666667,1017.5625,5.916666666666667,0.0,-16.3,-7.7,8.600000000000001,2.312125410319146,704.1,632.1,24,-12.045416666666666,-17.16
2026-01-13 07:00:00,-9.229166666666666,90.0,6.620833333333334,1022.6708333333332,5.458333333333333,0.0,-14.8,-5.7,9.100000000000001,3.1671519460353283,653.5,581.5,24,-9.891250000000001,-14.940000000000001
2026-01-14 07:00:00,-6.6000000000000005,89.0,6.845833333333334,1023.4708333333333,7.791666666666667,4.2,-14.7,-5.1,9.6,2.7523902655533865,590.4,518.4,24,-7.284583333333334,-14.92
2026-01-15 07:00:00,-7.366666666666667,88.58333333333333,19.091666666666665,1022.9375,8.0,0.4,-11.1,-4.7,6.3999999999999995,2.410243838767945,608.8,536.8,24,-9.275833333333333,-13.48
2026-01-16 07:00:00,-11.029166666666667,84.08333333333333,22.820833333333336,1031.175,8.0,1.1,-12.6,-8.9,3.6999999999999993,1.131939146723027,696.7,624.7,24,-13.311250000000001,-14.8
2026-01-17 07:00:00,-11.5875,82.41666666666667,20.470833333333335,1037.1958333333334,6.583333333333333,0.0,-13.0,-10.5,2.5,0.7017447200898017,710.1,638.1,24,-13.634583333333333,-14.94
2026-01-18 07:00:00,-10.237499999999999,86.04166666666667,20.020833333333332,1038.3958333333333,6.833333333333333,0.0,-12.5,-9.0,3.5,0.9999184749377021,677.7,605.7,24,-12.239583333333334,-14.41
2026-01-19 07:00:00,-10.283333333333333,88.04166666666667,15.645833333333334,1036.55,5.75,0.0,-13.6,-8.6,5.0,1.7181047866678612,678.8,606.8,24,-11.847916666666668,-15.0
2026-01-20 07:00:00,-9.049999999999999,88.29166666666667,9.616666666666667,1031.0125,8.0,0.0,-10.0,-8.3,1.6999999999999993,0.5413349039743042,649.2,577.2,24,-10.011666666666667,-11.12
2026-01-21 07:00:00,-6.9375,93.125,10.3375,1023.4333333333334,7.916666666666667,0.0,-10.2,-4.8,5.3999999999999995,1.9482015117627807,598.5,526.5,24,-7.97125,-11.139999999999999
2026-01-22 07:00:00,-3.516666666666667,93.45833333333333,16.120833333333334,1014.4458333333333,8.0,0.0,-6.0,-0.9,5.1,1.6385748491393013,516.4,444.4,24,-5.12875,-7.67
2026-01-23 07:00:00,-5.766666666666667,88.91666666666667,17.875,1013.5124999999999,8.0,0.5,-6.7,-4.2,2.5,0.7838958818766606,570.4,498.4,24,-7.554166666666667,-8.52
2026-01-24 07:00:00,-7.675,88.08333333333333,12.841666666666667,1018.725,7.708333333333333,0.2,-10.1,-5.5,4.6,1.3854052930774299,616.2,544.2,24,-8.959166666666667,-11.14
2026-01-25 07:00:00,-6.820833333333333,89.20833333333333,12.225,1023.4958333333334,7.958333333333333,0.7000000000000001,-10.0,-5.4,4.6,1.4808866811200785,595.7,523.7,24,-8.043333333333333,-11.01
2026-01-26 07:00:00,-8.2125,88.45833333333333,23.84166666666667,1020.4833333333332,8.0,0.0,-9.6,-6.1,3.5,1.0296949738298395,629.1,557.1,24,-10.596666666666666,-11.89
2026-01-27 07:00:00,-4.383333333333334,90.95833333333333,16.095833333333335,1010.3874999999999,5.5,0.0,-8.3,-1.0,7.300000000000001,2.0271347666888953,537.2,465.2,24,-5.992916666666667,-10.54
2026-01-28 07:00:00,1.7583333333333335,95.70833333333333,13.908333333333333,1007.3958333333334,5.458333333333333,0.0,-0.4,3.3,3.6999999999999997,0.881163591714001,389.8,317.8,1,0.3674999999999999,-1.8000000000000003
2026-01-29 07:00:00,3.7933333333333334,95.13333333333334,17.06,1005.2266666666667,8.0,0.3,2.0,4.9,2.9000000000000004,0.9399594722772946,213.1,168.1,0,2.087333333333333,0.23999999999999977
2026-01-30 07:00:00,1.75,98.75,10.9,1004.175,8.0,0.0,-0.1,3.8,3.9,1.6380883167074154,65.0,53.0,1,0.6599999999999999,-1.6500000000000001
2026-01-31 07:00:00,-6.775,82.0,20.15,1008.575,8.0,0.0,-10.0,-3.2,6.8,3.024758943563382,99.1,87.1,4,-8.79,-12.16
