account_id,appliance_group,profile_id
600493113,ОП,0
600493228,ОП,0
600300097,"ОП,ВПГ",0
600272578,"ОП,ВПГ",0
600327664,"ОП,ВПГ",0
600493112,"ОП,ВПГ",0
600493394,"ОП,ВПГ",0
600493115,"ОП,ВПГ",0
600493397,"ОП,ВПГ",0
600492279,"ОП,ВПГ",0
600493385,"ОП,ВПГ",0
600311295,"ОП,ВПГ",0
600493311,"ОП,ВПГ",0
600200299,"ОП,ПГ",0
600207937,"ОП,ПГ",0
600302468,"ОП,ПГ",0
600304112,"ОП,ПГ",0
600199304,"ОП,ПГ",0
600206915,"ОП,ПГ",0
600293596,"ОП,ПГ",0
600302305,"ОП,ПГ",0
600193150,"ОП,ПГ",0
600190237,"ОП,ПГ",0
600193371,"ОП,ПГ",0
600298639,"ОП,ПГ",0
600201191,"ОП,ПГ",0
600218313,"ОП,ПГ",0
600230728,"ОП,ПГ",0
600237668,"ОП,ПГ",0
600224654,"ОП,ПГ",0
600231410,"ОП,ПГ",0
600207928,"ОП,ПГ",0
600209413,"ОП,ПГ",0
600213441,"ОП,ПГ",0
600214592,"ОП,ПГ",0
600225354,"ОП,ПГ",0
600223284,"ОП,ПГ",0
600227050,"ОП,ПГ",0
600229717,"ОП,ПГ",0
600206970,"ОП,ПГ",0
600223264,"ОП,ПГ",0
600237893,"ОП,ПГ",0
600217768,"ОП,ПГ",0
600226075,"ОП,ПГ",0
600244696,"ОП,ПГ",0
600245520,"ОП,ПГ",0
600239201,"ОП,ПГ",0
600243865,"ОП,ПГ",0
600260329,"ОП,ПГ",0
600249299,"ОП,ПГ",0
600261393,"ОП,ПГ",0
600267170,"ОП,ПГ",0
600270103,"ОП,ПГ",0
600246127,"ОП,ПГ",0
600247395,"ОП,ПГ",0
600259537,"ОП,ПГ",0
600261105,"ОП,ПГ",0
600064187,"ОП,ПГ",0
600274260,"ОП,ПГ",0
600274697,"ОП,ПГ",0
600275604,"ОП,ПГ",0
600064277,"ОП,ПГ",0
600313866,"ОП,ПГ",0
600277547,"ОП,ПГ",0
600279697,"ОП,ПГ",0
600290139,"ОП,ПГ",0
600317146,"ОП,ПГ",0
600074260,"ОП,ПГ",0
600291446,"ОП,ПГ",0
600326629,"ОП,ПГ",0
600075460,"ОП,ПГ",0
600320385,"ОП,ПГ",0
600331153,"ОП,ПГ",0
600323883,"ОП,ПГ",0
600324706,"ОП,ПГ",0
600324770,"ОП,ПГ",0
600328145,"ОП,ПГ",0
600334392,"ОП,ПГ",0
600328825,"ОП,ПГ",0
600333690,"ОП,ПГ",0
600337722,"ОП,ПГ",0
600368960,"ОП,ПГ",0
600173435,"ОП,ПГ",0
600178971,"ОП,ПГ",0
600182900,"ОП,ПГ",0
600186612,"ОП,ПГ",0
600178858,"ОП,ПГ",0
600307704,"ОП,ПГ",0
600313340,"ОП,ПГ",0
600493405,"ОП,ПГ",0
600306895,"ОП,ПГ",0
600312994,"ОП,ПГ",0
600311762,"ОП,ПГ",0
600307726,"ОП,ПГ",0
600188209,"ОП,ПГ",1
600298407,"ОП,ПГ",1
600298477,"ОП,ПГ",1
600205619,"ОП,ПГ",1
600195417,"ОП,ПГ",1
600196534,"ОП,ПГ",1
600200012,"ОП,ПГ",1
600201142,"ОП,ПГ",1
600297423,"ОП,ПГ",1
600298673,"ОП,ПГ",1
600192688,"ОП,ПГ",1
600194222,"ОП,ПГ",1
600199000,"ОП,ПГ",1
600205695,"ОП,ПГ",1
600206004,"ОП,ПГ",1
600206900,"ОП,ПГ",1
600212332,"ОП,ПГ",1
600214025,"ОП,ПГ",1
600216283,"ОП,ПГ",1
600191553,"ОП,ПГ",1
600205487,"ОП,ПГ",1
600215131,"ОП,ПГ",1
600216764,"ОП,ПГ",1
600218081,"ОП,ПГ",1
600297262,"ОП,ПГ",1
600190576,"ОП,ПГ",1
600193166,"ОП,ПГ",1
600199358,"ОП,ПГ",1
600222209,"ОП,ПГ",1
600224277,"ОП,ПГ",1
600224601,"ОП,ПГ",1
600228732,"ОП,ПГ",1
600233054,"ОП,ПГ",1
600243945,"ОП,ПГ",1
600221137,"ОП,ПГ",1
600224858,"ОП,ПГ",1
600226435,"ОП,ПГ",1
600228508,"ОП,ПГ",1
600235525,"ОП,ПГ",1
600239396,"ОП,ПГ",1
600233822,"ОП,ПГ",1
600234304,"ОП,ПГ",1
600219234,"ОП,ПГ",1
600225557,"ОП,ПГ",1
600226169,"ОП,ПГ",1
600227200,"ОП,ПГ",1
600237098,"ОП,ПГ",1
600239218,"ОП,ПГ",1
600217808,"ОП,ПГ",1
600220600,"ОП,ПГ",1
600220974,"ОП,ПГ",1
600222519,"ОП,ПГ",1
600228178,"ОП,ПГ",1
600228359,"ОП,ПГ",1
600231436,"ОП,ПГ",1
600234317,"ОП,ПГ",1
600237404,"ОП,ПГ",1
600202228,"ОП,ПГ",1
600202946,"ОП,ПГ",1
600208508,"ОП,ПГ",1
600235907,"ОП,ПГ",1
600243148,"ОП,ПГ",1
600219494,"ОП,ПГ",1
600223498,"ОП,ПГ",1
600223706,"ОП,ПГ",1
600226543,"ОП,ПГ",1
600228719,"ОП,ПГ",1
600217382,"ОП,ПГ",1
600223656,"ОП,ПГ",1
600225606,"ОП,ПГ",1
600229555,"ОП,ПГ",1
600241943,"ОП,ПГ",1
600240127,"ОП,ПГ",1
600242402,"ОП,ПГ",1
600242878,"ОП,ПГ",1
600243569,"ОП,ПГ",1
600247597,"ОП,ПГ",1
600254135,"ОП,ПГ",1
600255096,"ОП,ПГ",1
600261109,"ОП,ПГ",1
600263645,"ОП,ПГ",1
600238063,"ОП,ПГ",1
600241684,"ОП,ПГ",1
600243949,"ОП,ПГ",1
600246545,"ОП,ПГ",1
600240915,"ОП,ПГ",1
600242430,"ОП,ПГ",1
600245265,"ОП,ПГ",1
600252964,"ОП,ПГ",1
600256720,"ОП,ПГ",1
600258366,"ОП,ПГ",1
600244315,"ОП,ПГ",1
600245412,"ОП,ПГ",1
600270909,"ОП,ПГ",1
600251216,"ОП,ПГ",1
600254000,"ОП,ПГ",1
600253993,"ОП,ПГ",1
600255088,"ОП,ПГ",1
600255547,"ОП,ПГ",1
600269463,"ОП,ПГ",1
600250040,"ОП,ПГ",1
600253934,"ОП,ПГ",1
600256662,"ОП,ПГ",1
600263441,"ОП,ПГ",1
600274528,"ОП,ПГ",1
600248629,"ОП,ПГ",1
600259945,"ОП,ПГ",1
600260362,"ОП,ПГ",1
600264615,"ОП,ПГ",1
600268160,"ОП,ПГ",1
600269260,"ОП,ПГ",1
600277781,"ОП,ПГ",1
600291609,"ОП,ПГ",1
600075556,"ОП,ПГ",1
600266591,"ОП,ПГ",1
600269226,"ОП,ПГ",1
600270585,"ОП,ПГ",1
600278466,"ОП,ПГ",1
600281191,"ОП,ПГ",1
600284141,"ОП,ПГ",1
600285638,"ОП,ПГ",1
600290036,"ОП,ПГ",1
600263902,"ОП,ПГ",1
600264903,"ОП,ПГ",1
600281763,"ОП,ПГ",1
600270744,"ОП,ПГ",1
600275794,"ОП,ПГ",1
600282337,"ОП,ПГ",1
600290282,"ОП,ПГ",1
600066030,"ОП,ПГ",1
600066066,"ОП,ПГ",1
600316575,"ОП,ПГ",1
600286183,"ОП,ПГ",1
600064052,"ОП,ПГ",1
600064310,"ОП,ПГ",1
600064459,"ОП,ПГ",1
600076636,"ОП,ПГ",1
600281800,"ОП,ПГ",1
600287484,"ОП,ПГ",1
600063336,"ОП,ПГ",1
600282258,"ОП,ПГ",1
600287163,"ОП,ПГ",1
600290287,"ОП,ПГ",1
600290664,"ОП,ПГ",1
600064491,"ОП,ПГ",1
600075519,"ОП,ПГ",1
600315045,"ОП,ПГ",1
600319880,"ОП,ПГ",1
600063765,"ОП,ПГ",1
600074973,"ОП,ПГ",1
600076960,"ОП,ПГ",1
600323017,"ОП,ПГ",1
600323874,"ОП,ПГ",1
600324836,"ОП,ПГ",1
600319441,"ОП,ПГ",1
600335550,"ОП,ПГ",1
600075214,"ОП,ПГ",1
600331402,"ОП,ПГ",1
600323859,"ОП,ПГ",1
600332441,"ОП,ПГ",1
600320128,"ОП,ПГ",1
600323986,"ОП,ПГ",1
600335182,"ОП,ПГ",1
600335899,"ОП,ПГ",1
600327095,"ОП,ПГ",1
600319777,"ОП,ПГ",1
600335369,"ОП,ПГ",1
600339685,"ОП,ПГ",1
600342353,"ОП,ПГ",1
600342648,"ОП,ПГ",1
600338946,"ОП,ПГ",1
600339967,"ОП,ПГ",1
600357992,"ОП,ПГ",1
600174638,"ОП,ПГ",1
600176319,"ОП,ПГ",1
600187534,"ОП,ПГ",1
600180260,"ОП,ПГ",1
600185638,"ОП,ПГ",1
600173624,"ОП,ПГ",1
600181190,"ОП,ПГ",1
600181314,"ОП,ПГ",1
600184097,"ОП,ПГ",1
600173480,"ОП,ПГ",1
600183404,"ОП,ПГ",1
600173511,"ОП,ПГ",1
600178158,"ОП,ПГ",1
600179066,"ОП,ПГ",1
600180172,"ОП,ПГ",1
600184208,"ОП,ПГ",1
600471459,"ОП,ПГ",1
600305583,"ОП,ПГ",1
600305630,"ОП,ПГ",1
600310064,"ОП,ПГ",1
600308930,"ОП,ПГ",1
600306462,"ОП,ПГ",1
600308072,"ОП,ПГ",1
600313194,"ОП,ПГ",1
600488057,"ОП,ПГ",1
600305401,"ОП,ПГ",1
600307762,"ОП,ПГ",1
600294227,"ОП,ПГ,ВПГ",0
600298313,"ОП,ПГ,ВПГ",0
600299894,"ОП,ПГ,ВПГ",0
600300055,"ОП,ПГ,ВПГ",0
600300059,"ОП,ПГ,ВПГ",0
600301030,"ОП,ПГ,ВПГ",0
600302083,"ОП,ПГ,ВПГ",0
600303791,"ОП,ПГ,ВПГ",0
600189495,"ОП,ПГ,ВПГ",0
600191344,"ОП,ПГ,ВПГ",0
600193951,"ОП,ПГ,ВПГ",0
600194521,"ОП,ПГ,ВПГ",0
600199105,"ОП,ПГ,ВПГ",0
600203589,"ОП,ПГ,ВПГ",0
600205907,"ОП,ПГ,ВПГ",0
600209872,"ОП,ПГ,ВПГ",0
600210355,"ОП,ПГ,ВПГ",0
600292476,"ОП,ПГ,ВПГ",0
600293827,"ОП,ПГ,ВПГ",0
600294770,"ОП,ПГ,ВПГ",0
600295247,"ОП,ПГ,ВПГ",0
600295423,"ОП,ПГ,ВПГ",0
600298870,"ОП,ПГ,ВПГ",0
600299280,"ОП,ПГ,ВПГ",0
600300558,"ОП,ПГ,ВПГ",0
600301974,"ОП,ПГ,ВПГ",0
600303507,"ОП,ПГ,ВПГ",0
600188249,"ОП,ПГ,ВПГ",0
600189330,"ОП,ПГ,ВПГ",0
600193541,"ОП,ПГ,ВПГ",0
600193602,"ОП,ПГ,ВПГ",0
600195098,"ОП,ПГ,ВПГ",0
600205188,"ОП,ПГ,ВПГ",0
600292568,"ОП,ПГ,ВПГ",0
600293011,"ОП,ПГ,ВПГ",0
600293241,"ОП,ПГ,ВПГ",0
600294048,"ОП,ПГ,ВПГ",0
600298457,"ОП,ПГ,ВПГ",0
600298786,"ОП,ПГ,ВПГ",0
600300369,"ОП,ПГ,ВПГ",0
600300750,"ОП,ПГ,ВПГ",0
600304992,"ОП,ПГ,ВПГ",0
600195258,"ОП,ПГ,ВПГ",0
600195451,"ОП,ПГ,ВПГ",0
600196384,"ОП,ПГ,ВПГ",0
600202272,"ОП,ПГ,ВПГ",0
600204857,"ОП,ПГ,ВПГ",0
600293572,"ОП,ПГ,ВПГ",0
600293908,"ОП,ПГ,ВПГ",0
600297084,"ОП,ПГ,ВПГ",0
600297569,"ОП,ПГ,ВПГ",0
600300486,"ОП,ПГ,ВПГ",0
600301768,"ОП,ПГ,ВПГ",0
600190242,"ОП,ПГ,ВПГ",0
600192439,"ОП,ПГ,ВПГ",0
600194102,"ОП,ПГ,ВПГ",0
600197178,"ОП,ПГ,ВПГ",0
600199199,"ОП,ПГ,ВПГ",0
600297554,"ОП,ПГ,ВПГ",0
600297762,"ОП,ПГ,ВПГ",0
600298886,"ОП,ПГ,ВПГ",0
600300519,"ОП,ПГ,ВПГ",0
600302736,"ОП,ПГ,ВПГ",0
600303192,"ОП,ПГ,ВПГ",0
600303250,"ОП,ПГ,ВПГ",0
600189034,"ОП,ПГ,ВПГ",0
600189817,"ОП,ПГ,ВПГ",0
600192356,"ОП,ПГ,ВПГ",0
600193957,"ОП,ПГ,ВПГ",0
600206301,"ОП,ПГ,ВПГ",0
600209761,"ОП,ПГ,ВПГ",0
600292838,"ОП,ПГ,ВПГ",0
600300935,"ОП,ПГ,ВПГ",0
600190481,"ОП,ПГ,ВПГ",0
600196073,"ОП,ПГ,ВПГ",0
600197418,"ОП,ПГ,ВПГ",0
600204274,"ОП,ПГ,ВПГ",0
600212308,"ОП,ПГ,ВПГ",0
600213002,"ОП,ПГ,ВПГ",0
600214900,"ОП,ПГ,ВПГ",0
600293715,"ОП,ПГ,ВПГ",0
600295232,"ОП,ПГ,ВПГ",0
600298103,"ОП,ПГ,ВПГ",0
600298861,"ОП,ПГ,ВПГ",0
600299172,"ОП,ПГ,ВПГ",0
600302076,"ОП,ПГ,ВПГ",0
600192916,"ОП,ПГ,ВПГ",0
600198104,"ОП,ПГ,ВПГ",0
600198429,"ОП,ПГ,ВПГ",0
600202871,"ОП,ПГ,ВПГ",0
600205718,"ОП,ПГ,ВПГ",0
600207065,"ОП,ПГ,ВПГ",0
600208584,"ОП,ПГ,ВПГ",0
600212996,"ОП,ПГ,ВПГ",0
600292985,"ОП,ПГ,ВПГ",0
600294435,"ОП,ПГ,ВПГ",0
600296338,"ОП,ПГ,ВПГ",0
600298001,"ОП,ПГ,ВПГ",0
600302022,"ОП,ПГ,ВПГ",0
600302457,"ОП,ПГ,ВПГ",0
600303715,"ОП,ПГ,ВПГ",0
600304919,"ОП,ПГ,ВПГ",0
600188170,"ОП,ПГ,ВПГ",0
600192376,"ОП,ПГ,ВПГ",0
600192839,"ОП,ПГ,ВПГ",0
600193445,"ОП,ПГ,ВПГ",0
600194099,"ОП,ПГ,ВПГ",0
600194119,"ОП,ПГ,ВПГ",0
600195337,"ОП,ПГ,ВПГ",0
600197280,"ОП,ПГ,ВПГ",0
600212386,"ОП,ПГ,ВПГ",0
600214090,"ОП,ПГ,ВПГ",0
600214640,"ОП,ПГ,ВПГ",0
600220921,"ОП,ПГ,ВПГ",0
600221609,"ОП,ПГ,ВПГ",0
600223181,"ОП,ПГ,ВПГ",0
600223296,"ОП,ПГ,ВПГ",0
600226481,"ОП,ПГ,ВПГ",0
600229330,"ОП,ПГ,ВПГ",0
600233485,"ОП,ПГ,ВПГ",0
600234088,"ОП,ПГ,ВПГ",0
600235614,"ОП,ПГ,ВПГ",0
600236121,"ОП,ПГ,ВПГ",0
600239759,"ОП,ПГ,ВПГ",0
600240634,"ОП,ПГ,ВПГ",0
600241253,"ОП,ПГ,ВПГ",0
600203731,"ОП,ПГ,ВПГ",0
600206404,"ОП,ПГ,ВПГ",0
600207217,"ОП,ПГ,ВПГ",0
600215763,"ОП,ПГ,ВПГ",0
600217388,"ОП,ПГ,ВПГ",0
600219576,"ОП,ПГ,ВПГ",0
600223733,"ОП,ПГ,ВПГ",0
600229692,"ОП,ПГ,ВПГ",0
600230563,"ОП,ПГ,ВПГ",0
600237759,"ОП,ПГ,ВПГ",0
600209240,"ОП,ПГ,ВПГ",0
600209377,"ОП,ПГ,ВПГ",0
600213814,"ОП,ПГ,ВПГ",0
600215084,"ОП,ПГ,ВПГ",0
600217729,"ОП,ПГ,ВПГ",0
600220995,"ОП,ПГ,ВПГ",0
600224196,"ОП,ПГ,ВПГ",0
600225376,"ОП,ПГ,ВПГ",0
600228948,"ОП,ПГ,ВПГ",0
600229361,"ОП,ПГ,ВПГ",0
600231727,"ОП,ПГ,ВПГ",0
600231967,"ОП,ПГ,ВПГ",0
600234357,"ОП,ПГ,ВПГ",0
600234681,"ОП,ПГ,ВПГ",0
600238133,"ОП,ПГ,ВПГ",0
600238929,"ОП,ПГ,ВПГ",0
600240727,"ОП,ПГ,ВПГ",0
600241838,"ОП,ПГ,ВПГ",0
600242049,"ОП,ПГ,ВПГ",0
600212651,"ОП,ПГ,ВПГ",0
600214777,"ОП,ПГ,ВПГ",0
600215085,"ОП,ПГ,ВПГ",0
600215776,"ОП,ПГ,ВПГ",0
600216087,"ОП,ПГ,ВПГ",0
600216127,"ОП,ПГ,ВПГ",0
600219314,"ОП,ПГ,ВПГ",0
600220299,"ОП,ПГ,ВПГ",0
600220576,"ОП,ПГ,ВПГ",0
600225438,"ОП,ПГ,ВПГ",0
600227516,"ОП,ПГ,ВПГ",0
600228848,"ОП,ПГ,ВПГ",0
600228999,"ОП,ПГ,ВПГ",0
600230300,"ОП,ПГ,ВПГ",0
600234226,"ОП,ПГ,ВПГ",0
600235631,"ОП,ПГ,ВПГ",0
600236267,"ОП,ПГ,ВПГ",0
600236475,"ОП,ПГ,ВПГ",0
600236668,"ОП,ПГ,ВПГ",0
600239793,"ОП,ПГ,ВПГ",0
600208141,"ОП,ПГ,ВПГ",0
600210266,"ОП,ПГ,ВПГ",0
600210692,"ОП,ПГ,ВПГ",0
600211235,"ОП,ПГ,ВПГ",0
600218984,"ОП,ПГ,ВПГ",0
600221484,"ОП,ПГ,ВПГ",0
600224186,"ОП,ПГ,ВПГ",0
600225219,"ОП,ПГ,ВПГ",0
600225770,"ОП,ПГ,ВПГ",0
600225782,"ОП,ПГ,ВПГ",0
600226928,"ОП,ПГ,ВПГ",0
600226996,"ОП,ПГ,ВПГ",0
600227797,"ОП,ПГ,ВПГ",0
600229260,"ОП,ПГ,ВПГ",0
600230557,"ОП,ПГ,ВПГ",0
600232395,"ОП,ПГ,ВПГ",0
600232733,"ОП,ПГ,ВПГ",0
600236596,"ОП,ПГ,ВПГ",0
600201310,"ОП,ПГ,ВПГ",0
600208065,"ОП,ПГ,ВПГ",0
600212336,"ОП,ПГ,ВПГ",0
600217688,"ОП,ПГ,ВПГ",0
600218654,"ОП,ПГ,ВПГ",0
600220412,"ОП,ПГ,ВПГ",0
600222972,"ОП,ПГ,ВПГ",0
600223328,"ОП,ПГ,ВПГ",0
600223581,"ОП,ПГ,ВПГ",0
600225692,"ОП,ПГ,ВПГ",0
600227863,"ОП,ПГ,ВПГ",0
600227941,"ОП,ПГ,ВПГ",0
600230132,"ОП,ПГ,ВПГ",0
600230219,"ОП,ПГ,ВПГ",0
600232956,"ОП,ПГ,ВПГ",0
600235198,"ОП,ПГ,ВПГ",0
600235350,"ОП,ПГ,ВПГ",0
600237977,"ОП,ПГ,ВПГ",0
600241072,"ОП,ПГ,ВПГ",0
600243056,"ОП,ПГ,ВПГ",0
600243447,"ОП,ПГ,ВПГ",0
600218684,"ОП,ПГ,ВПГ",0
600219463,"ОП,ПГ,ВПГ",0
600222642,"ОП,ПГ,ВПГ",0
600223710,"ОП,ПГ,ВПГ",0
600226757,"ОП,ПГ,ВПГ",0
600233398,"ОП,ПГ,ВПГ",0
600233793,"ОП,ПГ,ВПГ",0
600239803,"ОП,ПГ,ВПГ",0
600241389,"ОП,ПГ,ВПГ",0
600243426,"ОП,ПГ,ВПГ",0
600244142,"ОП,ПГ,ВПГ",0
600246874,"ОП,ПГ,ВПГ",0
600247638,"ОП,ПГ,ВПГ",0
600249192,"ОП,ПГ,ВПГ",0
600217742,"ОП,ПГ,ВПГ",0
600218000,"ОП,ПГ,ВПГ",0
600218848,"ОП,ПГ,ВПГ",0
600220226,"ОП,ПГ,ВПГ",0
600221786,"ОП,ПГ,ВПГ",0
600223342,"ОП,ПГ,ВПГ",0
600225642,"ОП,ПГ,ВПГ",0
600227421,"ОП,ПГ,ВПГ",0
600232424,"ОП,ПГ,ВПГ",0
600233577,"ОП,ПГ,ВПГ",0
600234269,"ОП,ПГ,ВПГ",0
600234836,"ОП,ПГ,ВПГ",0
600240440,"ОП,ПГ,ВПГ",0
600242083,"ОП,ПГ,ВПГ",0
600243462,"ОП,ПГ,ВПГ",0
600243718,"ОП,ПГ,ВПГ",0
600243088,"ОП,ПГ,ВПГ",0
600243272,"ОП,ПГ,ВПГ",0
600249726,"ОП,ПГ,ВПГ",0
600251297,"ОП,ПГ,ВПГ",0
600251359,"ОП,ПГ,ВПГ",0
600252475,"ОП,ПГ,ВПГ",0
600252636,"ОП,ПГ,ВПГ",0
600259617,"ОП,ПГ,ВПГ",0
600262047,"ОП,ПГ,ВПГ",0
600239349,"ОП,ПГ,ВПГ",0
600241241,"ОП,ПГ,ВПГ",0
600241602,"ОП,ПГ,ВПГ",0
600243924,"ОП,ПГ,ВПГ",0
600244712,"ОП,ПГ,ВПГ",0
600244864,"ОП,ПГ,ВПГ",0
600245847,"ОП,ПГ,ВПГ",0
600252437,"ОП,ПГ,ВПГ",0
600255453,"ОП,ПГ,ВПГ",0
600255966,"ОП,ПГ,ВПГ",0
600257617,"ОП,ПГ,ВПГ",0
600258738,"ОП,ПГ,ВПГ",0
600241677,"ОП,ПГ,ВПГ",0
600242746,"ОП,ПГ,ВПГ",0
600244071,"ОП,ПГ,ВПГ",0
600244692,"ОП,ПГ,ВПГ",0
600245540,"ОП,ПГ,ВПГ",0
600246579,"ОП,ПГ,ВПГ",0
600249578,"ОП,ПГ,ВПГ",0
600251390,"ОП,ПГ,ВПГ",0
600253224,"ОП,ПГ,ВПГ",0
600257782,"ОП,ПГ,ВПГ",0
600258852,"ОП,ПГ,ВПГ",0
600260899,"ОП,ПГ,ВПГ",0
600246565,"ОП,ПГ,ВПГ",0
600246590,"ОП,ПГ,ВПГ",0
600256205,"ОП,ПГ,ВПГ",0
600260158,"ОП,ПГ,ВПГ",0
600261286,"ОП,ПГ,ВПГ",0
600262333,"ОП,ПГ,ВПГ",0
600264015,"ОП,ПГ,ВПГ",0
600264052,"ОП,ПГ,ВПГ",0
600265983,"ОП,ПГ,ВПГ",0
600266820,"ОП,ПГ,ВПГ",0
600267909,"ОП,ПГ,ВПГ",0
600244114,"ОП,ПГ,ВПГ",0
600245006,"ОП,ПГ,ВПГ",0
600245509,"ОП,ПГ,ВПГ",0
600246753,"ОП,ПГ,ВПГ",0
600250608,"ОП,ПГ,ВПГ",0
600250662,"ОП,ПГ,ВПГ",0
600253688,"ОП,ПГ,ВПГ",0
600254061,"ОП,ПГ,ВПГ",0
600255070,"ОП,ПГ,ВПГ",0
600255092,"ОП,ПГ,ВПГ",0
600256227,"ОП,ПГ,ВПГ",0
600260379,"ОП,ПГ,ВПГ",0
600261838,"ОП,ПГ,ВПГ",0
600262715,"ОП,ПГ,ВПГ",0
600264941,"ОП,ПГ,ВПГ",0
600265402,"ОП,ПГ,ВПГ",0
600266851,"ОП,ПГ,ВПГ",0
600271496,"ОП,ПГ,ВПГ",0
600271991,"ОП,ПГ,ВПГ",0
600272400,"ОП,ПГ,ВПГ",0
600245506,"ОП,ПГ,ВПГ",0
600250145,"ОП,ПГ,ВПГ",0
600250722,"ОП,ПГ,ВПГ",0
600253183,"ОП,ПГ,ВПГ",0
600253288,"ОП,ПГ,ВПГ",0
600266926,"ОП,ПГ,ВПГ",0
600269085,"ОП,ПГ,ВПГ",0
600270261,"ОП,ПГ,ВПГ",0
600270737,"ОП,ПГ,ВПГ",0
600271291,"ОП,ПГ,ВПГ",0
600273168,"ОП,ПГ,ВПГ",0
600249778,"ОП,ПГ,ВПГ",0
600251084,"ОП,ПГ,ВПГ",0
600251539,"ОП,ПГ,ВПГ",0
600253355,"ОП,ПГ,ВПГ",0
600255644,"ОП,ПГ,ВПГ",0
600257092,"ОП,ПГ,ВПГ",0
600259240,"ОП,ПГ,ВПГ",0
600260997,"ОП,ПГ,ВПГ",0
600261202,"ОП,ПГ,ВПГ",0
600262453,"ОП,ПГ,ВПГ",0
600265889,"ОП,ПГ,ВПГ",0
600267214,"ОП,ПГ,ВПГ",0
600267887,"ОП,ПГ,ВПГ",0
600271508,"ОП,ПГ,ВПГ",0
600272134,"ОП,ПГ,ВПГ",0
600272911,"ОП,ПГ,ВПГ",0
600273481,"ОП,ПГ,ВПГ",0
600274220,"ОП,ПГ,ВПГ",0
600277062,"ОП,ПГ,ВПГ",0
600247167,"ОП,ПГ,ВПГ",0
600247391,"ОП,ПГ,ВПГ",0
600252744,"ОП,ПГ,ВПГ",0
600253047,"ОП,ПГ,ВПГ",0
600254905,"ОП,ПГ,ВПГ",0
600255006,"ОП,ПГ,ВПГ",0
600257399,"ОП,ПГ,ВПГ",0
600267049,"ОП,ПГ,ВПГ",0
600274625,"ОП,ПГ,ВПГ",0
600275279,"ОП,ПГ,ВПГ",0
600275993,"ОП,ПГ,ВПГ",0
600276783,"ОП,ПГ,ВПГ",0
600277464,"ОП,ПГ,ВПГ",0
600278191,"ОП,ПГ,ВПГ",0
600259607,"ОП,ПГ,ВПГ",0
600261978,"ОП,ПГ,ВПГ",0
600268916,"ОП,ПГ,ВПГ",0
600270092,"ОП,ПГ,ВПГ",0
600270480,"ОП,ПГ,ВПГ",0
600271380,"ОП,ПГ,ВПГ",0
600272346,"ОП,ПГ,ВПГ",0
600274280,"ОП,ПГ,ВПГ",0
600274992,"ОП,ПГ,ВПГ",0
600280475,"ОП,ПГ,ВПГ",0
600280856,"ОП,ПГ,ВПГ",0
600281983,"ОП,ПГ,ВПГ",0
600282583,"ОП,ПГ,ВПГ",0
600282687,"ОП,ПГ,ВПГ",0
600284169,"ОП,ПГ,ВПГ",0
600285649,"ОП,ПГ,ВПГ",0
600287280,"ОП,ПГ,ВПГ",0
600288027,"ОП,ПГ,ВПГ",0
600289551,"ОП,ПГ,ВПГ",0
600264388,"ОП,ПГ,ВПГ",0
600264545,"ОП,ПГ,ВПГ",0
600266470,"ОП,ПГ,ВПГ",0
600273075,"ОП,ПГ,ВПГ",0
600273831,"ОП,ПГ,ВПГ",0
600276132,"ОП,ПГ,ВПГ",0
600276991,"ОП,ПГ,ВПГ",0
600281038,"ОП,ПГ,ВПГ",0
600281158,"ОП,ПГ,ВПГ",0
600284092,"ОП,ПГ,ВПГ",0
600288196,"ОП,ПГ,ВПГ",0
600288216,"ОП,ПГ,ВПГ",0
600290769,"ОП,ПГ,ВПГ",0
600064429,"ОП,ПГ,ВПГ",0
600064557,"ОП,ПГ,ВПГ",0
600262391,"ОП,ПГ,ВПГ",0
600262861,"ОП,ПГ,ВПГ",0
600266210,"ОП,ПГ,ВПГ",0
600271844,"ОП,ПГ,ВПГ",0
600272753,"ОП,ПГ,ВПГ",0
600274444,"ОП,ПГ,ВПГ",0
600276189,"ОП,ПГ,ВПГ",0
600277820,"ОП,ПГ,ВПГ",0
600278255,"ОП,ПГ,ВПГ",0
600280823,"ОП,ПГ,ВПГ",0
600281144,"ОП,ПГ,ВПГ",0
600284002,"ОП,ПГ,ВПГ",0
600286161,"ОП,ПГ,ВПГ",0
600286570,"ОП,ПГ,ВПГ",0
600286868,"ОП,ПГ,ВПГ",0
600287069,"ОП,ПГ,ВПГ",0
600289444,"ОП,ПГ,ВПГ",0
600289599,"ОП,ПГ,ВПГ",0
600273956,"ОП,ПГ,ВПГ",0
600275883,"ОП,ПГ,ВПГ",0
600280309,"ОП,ПГ,ВПГ",0
600280545,"ОП,ПГ,ВПГ",0
600280837,"ОП,ПГ,ВПГ",0
600281528,"ОП,ПГ,ВПГ",0
600281659,"ОП,ПГ,ВПГ",0
600283043,"ОП,ПГ,ВПГ",0
600283571,"ОП,ПГ,ВПГ",0
600287785,"ОП,ПГ,ВПГ",0
600288039,"ОП,ПГ,ВПГ",0
600291296,"ОП,ПГ,ВПГ",0
600063742,"ОП,ПГ,ВПГ",0
600074436,"ОП,ПГ,ВПГ",0
600314881,"ОП,ПГ,ВПГ",0
600316878,"ОП,ПГ,ВПГ",0
600274023,"ОП,ПГ,ВПГ",0
600274593,"ОП,ПГ,ВПГ",0
600275089,"ОП,ПГ,ВПГ",0
600275291,"ОП,ПГ,ВПГ",0
600276603,"ОП,ПГ,ВПГ",0
600277105,"ОП,ПГ,ВПГ",0
600278524,"ОП,ПГ,ВПГ",0
600283649,"ОП,ПГ,ВПГ",0
600283838,"ОП,ПГ,ВПГ",0
600284336,"ОП,ПГ,ВПГ",0
600286923,"ОП,ПГ,ВПГ",0
600287506,"ОП,ПГ,ВПГ",0
600287544,"ОП,ПГ,ВПГ",0
600289259,"ОП,ПГ,ВПГ",0
600291910,"ОП,ПГ,ВПГ",0
600063759,"ОП,ПГ,ВПГ",0
600074684,"ОП,ПГ,ВПГ",0
600314996,"ОП,ПГ,ВПГ",0
600315715,"ОП,ПГ,ВПГ",0
600316801,"ОП,ПГ,ВПГ",0
600275235,"ОП,ПГ,ВПГ",0
600277424,"ОП,ПГ,ВПГ",0
600277713,"ОП,ПГ,ВПГ",0
600278995,"ОП,ПГ,ВПГ",0
600283148,"ОП,ПГ,ВПГ",0
600285802,"ОП,ПГ,ВПГ",0
600286805,"ОП,ПГ,ВПГ",0
600288592,"ОП,ПГ,ВПГ",0
600290609,"ОП,ПГ,ВПГ",0
600064234,"ОП,ПГ,ВПГ",0
600314868,"ОП,ПГ,ВПГ",0
600315789,"ОП,ПГ,ВПГ",0
600318298,"ОП,ПГ,ВПГ",0
600280198,"ОП,ПГ,ВПГ",0
600280826,"ОП,ПГ,ВПГ",0
600283126,"ОП,ПГ,ВПГ",0
600285997,"ОП,ПГ,ВПГ",0
600288230,"ОП,ПГ,ВПГ",0
600288242,"ОП,ПГ,ВПГ",0
600289875,"ОП,ПГ,ВПГ",0
600290219,"ОП,ПГ,ВПГ",0
600064405,"ОП,ПГ,ВПГ",0
600066385,"ОП,ПГ,ВПГ",0
600077084,"ОП,ПГ,ВПГ",0
600315915,"ОП,ПГ,ВПГ",0
600317008,"ОП,ПГ,ВПГ",0
600318880,"ОП,ПГ,ВПГ",0
600321405,"ОП,ПГ,ВПГ",0
600282680,"ОП,ПГ,ВПГ",0
600283573,"ОП,ПГ,ВПГ",0
600283814,"ОП,ПГ,ВПГ",0
600283930,"ОП,ПГ,ВПГ",0
600285003,"ОП,ПГ,ВПГ",0
600285202,"ОП,ПГ,ВПГ",0
600287507,"ОП,ПГ,ВПГ",0
600288674,"ОП,ПГ,ВПГ",0
600288937,"ОП,ПГ,ВПГ",0
600290859,"ОП,ПГ,ВПГ",0
600064519,"ОП,ПГ,ВПГ",0
600314331,"ОП,ПГ,ВПГ",0
600315492,"ОП,ПГ,ВПГ",0
600315967,"ОП,ПГ,ВПГ",0
600316148,"ОП,ПГ,ВПГ",0
600316221,"ОП,ПГ,ВПГ",0
600317406,"ОП,ПГ,ВПГ",0
600318252,"ОП,ПГ,ВПГ",0
600318386,"ОП,ПГ,ВПГ",0
600319348,"ОП,ПГ,ВПГ",0
600320172,"ОП,ПГ,ВПГ",0
600320531,"ОП,ПГ,ВПГ",0
600322588,"ОП,ПГ,ВПГ",0
600062411,"ОП,ПГ,ВПГ",0
600314551,"ОП,ПГ,ВПГ",0
600315043,"ОП,ПГ,ВПГ",0
600315138,"ОП,ПГ,ВПГ",0
600315359,"ОП,ПГ,ВПГ",0
600315920,"ОП,ПГ,ВПГ",0
600316707,"ОП,ПГ,ВПГ",0
600319621,"ОП,ПГ,ВПГ",0
600320099,"ОП,ПГ,ВПГ",0
600322196,"ОП,ПГ,ВПГ",0
600324214,"ОП,ПГ,ВПГ",0
600324721,"ОП,ПГ,ВПГ",0
600324936,"ОП,ПГ,ВПГ",0
600315531,"ОП,ПГ,ВПГ",0
600315748,"ОП,ПГ,ВПГ",0
600318295,"ОП,ПГ,ВПГ",0
600320181,"ОП,ПГ,ВПГ",0
600321149,"ОП,ПГ,ВПГ",0
600321651,"ОП,ПГ,ВПГ",0
600321720,"ОП,ПГ,ВПГ",0
600322117,"ОП,ПГ,ВПГ",0
600324889,"ОП,ПГ,ВПГ",0
600327912,"ОП,ПГ,ВПГ",0
600328890,"ОП,ПГ,ВПГ",0
600329534,"ОП,ПГ,ВПГ",0
600329745,"ОП,ПГ,ВПГ",0
600331934,"ОП,ПГ,ВПГ",0
600332228,"ОП,ПГ,ВПГ",0
600332463,"ОП,ПГ,ВПГ",0
600333142,"ОП,ПГ,ВПГ",0
600334071,"ОП,ПГ,ВПГ",0
600335247,"ОП,ПГ,ВПГ",0
600335269,"ОП,ПГ,ВПГ",0
600335673,"ОП,ПГ,ВПГ",0
600314940,"ОП,ПГ,ВПГ",0
600316919,"ОП,ПГ,ВПГ",0
600318896,"ОП,ПГ,ВПГ",0
600319227,"ОП,ПГ,ВПГ",0
600320176,"ОП,ПГ,ВПГ",0
600321867,"ОП,ПГ,ВПГ",0
600326573,"ОП,ПГ,ВПГ",0
600327822,"ОП,ПГ,ВПГ",0
600330064,"ОП,ПГ,ВПГ",0
600332107,"ОП,ПГ,ВПГ",0
600332236,"ОП,ПГ,ВПГ",0
600332791,"ОП,ПГ,ВПГ",0
600333143,"ОП,ПГ,ВПГ",0
600335968,"ОП,ПГ,ВПГ",0
600336751,"ОП,ПГ,ВПГ",0
600317217,"ОП,ПГ,ВПГ",0
600317911,"ОП,ПГ,ВПГ",0
600318620,"ОП,ПГ,ВПГ",0
600319196,"ОП,ПГ,ВПГ",0
600321641,"ОП,ПГ,ВПГ",0
600321704,"ОП,ПГ,ВПГ",0
600322912,"ОП,ПГ,ВПГ",0
600323890,"ОП,ПГ,ВПГ",0
600325675,"ОП,ПГ,ВПГ",0
600325836,"ОП,ПГ,ВПГ",0
600326187,"ОП,ПГ,ВПГ",0
600327583,"ОП,ПГ,ВПГ",0
600328743,"ОП,ПГ,ВПГ",0
600329248,"ОП,ПГ,ВПГ",0
600330050,"ОП,ПГ,ВПГ",0
600331373,"ОП,ПГ,ВПГ",0
600331807,"ОП,ПГ,ВПГ",0
600332825,"ОП,ПГ,ВПГ",0
600335976,"ОП,ПГ,ВПГ",0
600336669,"ОП,ПГ,ВПГ",0
600320742,"ОП,ПГ,ВПГ",0
600321747,"ОП,ПГ,ВПГ",0
600322975,"ОП,ПГ,ВПГ",0
600324962,"ОП,ПГ,ВПГ",0
600325589,"ОП,ПГ,ВПГ",0
600325887,"ОП,ПГ,ВПГ",0
600327697,"ОП,ПГ,ВПГ",0
600327757,"ОП,ПГ,ВПГ",0
600330639,"ОП,ПГ,ВПГ",0
600330741,"ОП,ПГ,ВПГ",0
600334173,"ОП,ПГ,ВПГ",0
600322403,"ОП,ПГ,ВПГ",0
600323543,"ОП,ПГ,ВПГ",0
600327440,"ОП,ПГ,ВПГ",0
600327836,"ОП,ПГ,ВПГ",0
600328552,"ОП,ПГ,ВПГ",0
600329233,"ОП,ПГ,ВПГ",0
600330766,"ОП,ПГ,ВПГ",0
600331291,"ОП,ПГ,ВПГ",0
600332291,"ОП,ПГ,ВПГ",0
600333285,"ОП,ПГ,ВПГ",0
600334304,"ОП,ПГ,ВПГ",0
600334439,"ОП,ПГ,ВПГ",0
600335218,"ОП,ПГ,ВПГ",0
600336817,"ОП,ПГ,ВПГ",0
600337076,"ОП,ПГ,ВПГ",0
600337407,"ОП,ПГ,ВПГ",0
600322967,"ОП,ПГ,ВПГ",0
600323588,"ОП,ПГ,ВПГ",0
600325185,"ОП,ПГ,ВПГ",0
600325574,"ОП,ПГ,ВПГ",0
600327832,"ОП,ПГ,ВПГ",0
600329029,"ОП,ПГ,ВПГ",0
600333234,"ОП,ПГ,ВПГ",0
600333382,"ОП,ПГ,ВПГ",0
600333552,"ОП,ПГ,ВПГ",0
600334078,"ОП,ПГ,ВПГ",0
600338113,"ОП,ПГ,ВПГ",0
600338902,"ОП,ПГ,ВПГ",0
600338961,"ОП,ПГ,ВПГ",0
600339612,"ОП,ПГ,ВПГ",0
600340095,"ОП,ПГ,ВПГ",0
600320512,"ОП,ПГ,ВПГ",0
600323074,"ОП,ПГ,ВПГ",0
600324932,"ОП,ПГ,ВПГ",0
600328304,"ОП,ПГ,ВПГ",0
600331097,"ОП,ПГ,ВПГ",0
600331525,"ОП,ПГ,ВПГ",0
600335225,"ОП,ПГ,ВПГ",0
600337279,"ОП,ПГ,ВПГ",0
600342802,"ОП,ПГ,ВПГ",0
600334285,"ОП,ПГ,ВПГ",0
600335858,"ОП,ПГ,ВПГ",0
600335936,"ОП,ПГ,ВПГ",0
600336124,"ОП,ПГ,ВПГ",0
600337996,"ОП,ПГ,ВПГ",0
600339385,"ОП,ПГ,ВПГ",0
600339671,"ОП,ПГ,ВПГ",0
600336366,"ОП,ПГ,ВПГ",0
600336521,"ОП,ПГ,ВПГ",0
600338569,"ОП,ПГ,ВПГ",0
600339084,"ОП,ПГ,ВПГ",0
600339778,"ОП,ПГ,ВПГ",0
600339952,"ОП,ПГ,ВПГ",0
600338056,"ОП,ПГ,ВПГ",0
600338060,"ОП,ПГ,ВПГ",0
600338326,"ОП,ПГ,ВПГ",0
600339074,"ОП,ПГ,ВПГ",0
600338271,"ОП,ПГ,ВПГ",0
600338391,"ОП,ПГ,ВПГ",0
600342780,"ОП,ПГ,ВПГ",0
600337774,"ОП,ПГ,ВПГ",0
600342784,"ОП,ПГ,ВПГ",0
600371271,"ОП,ПГ,ВПГ",0
600373258,"ОП,ПГ,ВПГ",0
600372843,"ОП,ПГ,ВПГ",0
600373168,"ОП,ПГ,ВПГ",0
600373297,"ОП,ПГ,ВПГ",0
600373308,"ОП,ПГ,ВПГ",0
600371268,"ОП,ПГ,ВПГ",0
600372714,"ОП,ПГ,ВПГ",0
600372916,"ОП,ПГ,ВПГ",0
600368807,"ОП,ПГ,ВПГ",0
600370517,"ОП,ПГ,ВПГ",0
600373232,"ОП,ПГ,ВПГ",0
600373303,"ОП,ПГ,ВПГ",0
600404734,"ОП,ПГ,ВПГ",0
600407221,"ОП,ПГ,ВПГ",0
600173787,"ОП,ПГ,ВПГ",0
600174783,"ОП,ПГ,ВПГ",0
600174908,"ОП,ПГ,ВПГ",0
600176430,"ОП,ПГ,ВПГ",0
600177271,"ОП,ПГ,ВПГ",0
600372664,"ОП,ПГ,ВПГ",0
600372656,"ОП,ПГ,ВПГ",0
600389392,"ОП,ПГ,ВПГ",0
600174168,"ОП,ПГ,ВПГ",0
600177102,"ОП,ПГ,ВПГ",0
600177466,"ОП,ПГ,ВПГ",0
600177822,"ОП,ПГ,ВПГ",0
600178652,"ОП,ПГ,ВПГ",0
600180446,"ОП,ПГ,ВПГ",0
600180813,"ОП,ПГ,ВПГ",0
600372747,"ОП,ПГ,ВПГ",0
600372903,"ОП,ПГ,ВПГ",0
600175333,"ОП,ПГ,ВПГ",0
600180558,"ОП,ПГ,ВПГ",0
600183742,"ОП,ПГ,ВПГ",0
600184478,"ОП,ПГ,ВПГ",0
600185018,"ОП,ПГ,ВПГ",0
600186753,"ОП,ПГ,ВПГ",0
600389374,"ОП,ПГ,ВПГ",0
600404662,"ОП,ПГ,ВПГ",0
600176333,"ОП,ПГ,ВПГ",0
600180721,"ОП,ПГ,ВПГ",0
600181871,"ОП,ПГ,ВПГ",0
600182441,"ОП,ПГ,ВПГ",0
600183017,"ОП,ПГ,ВПГ",0
600183049,"ОП,ПГ,ВПГ",0
600183859,"ОП,ПГ,ВПГ",0
600184673,"ОП,ПГ,ВПГ",0
600173534,"ОП,ПГ,ВПГ",0
600174576,"ОП,ПГ,ВПГ",0
600175434,"ОП,ПГ,ВПГ",0
600177343,"ОП,ПГ,ВПГ",0
600178235,"ОП,ПГ,ВПГ",0
600181212,"ОП,ПГ,ВПГ",0
600181395,"ОП,ПГ,ВПГ",0
600181487,"ОП,ПГ,ВПГ",0
600182147,"ОП,ПГ,ВПГ",0
600184961,"ОП,ПГ,ВПГ",0
600186210,"ОП,ПГ,ВПГ",0
600482829,"ОП,ПГ,ВПГ",0
600484428,"ОП,ПГ,ВПГ",0
600484945,"ОП,ПГ,ВПГ",0
600173764,"ОП,ПГ,ВПГ",0
600174510,"ОП,ПГ,ВПГ",0
600175507,"ОП,ПГ,ВПГ",0
600175820,"ОП,ПГ,ВПГ",0
600180527,"ОП,ПГ,ВПГ",0
600181708,"ОП,ПГ,ВПГ",0
600182770,"ОП,ПГ,ВПГ",0
600186038,"ОП,ПГ,ВПГ",0
600481972,"ОП,ПГ,ВПГ",0
600482490,"ОП,ПГ,ВПГ",0
600484278,"ОП,ПГ,ВПГ",0
600402504,"ОП,ПГ,ВПГ",0
600173331,"ОП,ПГ,ВПГ",0
600177975,"ОП,ПГ,ВПГ",0
600178803,"ОП,ПГ,ВПГ",0
600183455,"ОП,ПГ,ВПГ",0
600184758,"ОП,ПГ,ВПГ",0
600185849,"ОП,ПГ,ВПГ",0
600187219,"ОП,ПГ,ВПГ",0
600471479,"ОП,ПГ,ВПГ",0
600481264,"ОП,ПГ,ВПГ",0
600485572,"ОП,ПГ,ВПГ",0
600487113,"ОП,ПГ,ВПГ",0
600173923,"ОП,ПГ,ВПГ",0
600175296,"ОП,ПГ,ВПГ",0
600176013,"ОП,ПГ,ВПГ",0
600176768,"ОП,ПГ,ВПГ",0
600177985,"ОП,ПГ,ВПГ",0
600178327,"ОП,ПГ,ВПГ",0
600178475,"ОП,ПГ,ВПГ",0
600178779,"ОП,ПГ,ВПГ",0
600179828,"ОП,ПГ,ВПГ",0
600180100,"ОП,ПГ,ВПГ",0
600180793,"ОП,ПГ,ВПГ",0
600181176,"ОП,ПГ,ВПГ",0
600183965,"ОП,ПГ,ВПГ",0
600184663,"ОП,ПГ,ВПГ",0
600185194,"ОП,ПГ,ВПГ",0
600185673,"ОП,ПГ,ВПГ",0
600186277,"ОП,ПГ,ВПГ",0
600180709,"ОП,ПГ,ВПГ",0
600182558,"ОП,ПГ,ВПГ",0
600184680,"ОП,ПГ,ВПГ",0
600184991,"ОП,ПГ,ВПГ",0
600485103,"ОП,ПГ,ВПГ",0
600485814,"ОП,ПГ,ВПГ",0
600487094,"ОП,ПГ,ВПГ",0
600305142,"ОП,ПГ,ВПГ",0
600306052,"ОП,ПГ,ВПГ",0
600308228,"ОП,ПГ,ВПГ",0
600308235,"ОП,ПГ,ВПГ",0
600181118,"ОП,ПГ,ВПГ",0
600185934,"ОП,ПГ,ВПГ",0
600186017,"ОП,ПГ,ВПГ",0
600480841,"ОП,ПГ,ВПГ",0
600482810,"ОП,ПГ,ВПГ",0
600485075,"ОП,ПГ,ВПГ",0
600485558,"ОП,ПГ,ВПГ",0
600486178,"ОП,ПГ,ВПГ",0
600486773,"ОП,ПГ,ВПГ",0
600305354,"ОП,ПГ,ВПГ",0
600307536,"ОП,ПГ,ВПГ",0
600307735,"ОП,ПГ,ВПГ",0
600308104,"ОП,ПГ,ВПГ",0
600308523,"ОП,ПГ,ВПГ",0
600485100,"ОП,ПГ,ВПГ",0
600486387,"ОП,ПГ,ВПГ",0
600487362,"ОП,ПГ,ВПГ",0
600487487,"ОП,ПГ,ВПГ",0
600305862,"ОП,ПГ,ВПГ",0
600306842,"ОП,ПГ,ВПГ",0
600310071,"ОП,ПГ,ВПГ",0
600311204,"ОП,ПГ,ВПГ",0
600313315,"ОП,ПГ,ВПГ",0
600458930,"ОП,ПГ,ВПГ",0
600484971,"ОП,ПГ,ВПГ",0
600486967,"ОП,ПГ,ВПГ",0
600308177,"ОП,ПГ,ВПГ",0
600308723,"ОП,ПГ,ВПГ",0
600308734,"ОП,ПГ,ВПГ",0
600309058,"ОП,ПГ,ВПГ",0
600310821,"ОП,ПГ,ВПГ",0
600311464,"ОП,ПГ,ВПГ",0
600313495,"ОП,ПГ,ВПГ",0
600458699,"ОП,ПГ,ВПГ",0
600481436,"ОП,ПГ,ВПГ",0
600485081,"ОП,ПГ,ВПГ",0
600305892,"ОП,ПГ,ВПГ",0
600306328,"ОП,ПГ,ВПГ",0
600308655,"ОП,ПГ,ВПГ",0
600312112,"ОП,ПГ,ВПГ",0
600187408,"ОП,ПГ,ВПГ",0
600485117,"ОП,ПГ,ВПГ",0
600485329,"ОП,ПГ,ВПГ",0
600487065,"ОП,ПГ,ВПГ",0
600491712,"ОП,ПГ,ВПГ",0
600493071,"ОП,ПГ,ВПГ",0
600305254,"ОП,ПГ,ВПГ",0
600305579,"ОП,ПГ,ВПГ",0
600306473,"ОП,ПГ,ВПГ",0
600307753,"ОП,ПГ,ВПГ",0
600308045,"ОП,ПГ,ВПГ",0
600308695,"ОП,ПГ,ВПГ",0
600308670,"ОП,ПГ,ВПГ",0
600310490,"ОП,ПГ,ВПГ",0
600485095,"ОП,ПГ,ВПГ",0
600485531,"ОП,ПГ,ВПГ",0
600486770,"ОП,ПГ,ВПГ",0
600487047,"ОП,ПГ,ВПГ",0
600488662,"ОП,ПГ,ВПГ",0
600306285,"ОП,ПГ,ВПГ",0
600309270,"ОП,ПГ,ВПГ",0
600309957,"ОП,ПГ,ВПГ",0
600311953,"ОП,ПГ,ВПГ",0
600312204,"ОП,ПГ,ВПГ",0
600312375,"ОП,ПГ,ВПГ",0
600307641,"ОП,ПГ,ВПГ",0
600308256,"ОП,ПГ,ВПГ",0
600308509,"ОП,ПГ,ВПГ",0
600309065,"ОП,ПГ,ВПГ",0
600309996,"ОП,ПГ,ВПГ",0
600310533,"ОП,ПГ,ВПГ",0
600311382,"ОП,ПГ,ВПГ",0
600311483,"ОП,ПГ,ВПГ",0
600293470,"ОП,ПГ,ВПГ",1
600296028,"ОП,ПГ,ВПГ",1
600303132,"ОП,ПГ,ВПГ",1
600208738,"ОП,ПГ,ВПГ",1
600211068,"ОП,ПГ,ВПГ",1
600295884,"ОП,ПГ,ВПГ",1
600198609,"ОП,ПГ,ВПГ",1
600292929,"ОП,ПГ,ВПГ",1
600293133,"ОП,ПГ,ВПГ",1
600191576,"ОП,ПГ,ВПГ",1
600304240,"ОП,ПГ,ВПГ",1
600292592,"ОП,ПГ,ВПГ",1
600293079,"ОП,ПГ,ВПГ",1
600294450,"ОП,ПГ,ВПГ",1
600299970,"ОП,ПГ,ВПГ",1
600216266,"ОП,ПГ,ВПГ",1
600194295,"ОП,ПГ,ВПГ",1
600205417,"ОП,ПГ,ВПГ",1
600294678,"ОП,ПГ,ВПГ",1
600295550,"ОП,ПГ,ВПГ",1
600221028,"ОП,ПГ,ВПГ",1
600227023,"ОП,ПГ,ВПГ",1
600232491,"ОП,ПГ,ВПГ",1
600234213,"ОП,ПГ,ВПГ",1
600237448,"ОП,ПГ,ВПГ",1
600211954,"ОП,ПГ,ВПГ",1
600226066,"ОП,ПГ,ВПГ",1
600234539,"ОП,ПГ,ВПГ",1
600236572,"ОП,ПГ,ВПГ",1
600226050,"ОП,ПГ,ВПГ",1
600226234,"ОП,ПГ,ВПГ",1
600225387,"ОП,ПГ,ВПГ",1
600225871,"ОП,ПГ,ВПГ",1
600228782,"ОП,ПГ,ВПГ",1
600213768,"ОП,ПГ,ВПГ",1
600219167,"ОП,ПГ,ВПГ",1
600224585,"ОП,ПГ,ВПГ",1
600228382,"ОП,ПГ,ВПГ",1
600237963,"ОП,ПГ,ВПГ",1
600201649,"ОП,ПГ,ВПГ",1
600203302,"ОП,ПГ,ВПГ",1
600216347,"ОП,ПГ,ВПГ",1
600225357,"ОП,ПГ,ВПГ",1
600231692,"ОП,ПГ,ВПГ",1
600236564,"ОП,ПГ,ВПГ",1
600230118,"ОП,ПГ,ВПГ",1
600240868,"ОП,ПГ,ВПГ",1
600242349,"ОП,ПГ,ВПГ",1
600244125,"ОП,ПГ,ВПГ",1
600245245,"ОП,ПГ,ВПГ",1
600245386,"ОП,ПГ,ВПГ",1
600224867,"ОП,ПГ,ВПГ",1
600239704,"ОП,ПГ,ВПГ",1
600243819,"ОП,ПГ,ВПГ",1
600245030,"ОП,ПГ,ВПГ",1
600256127,"ОП,ПГ,ВПГ",1
600258790,"ОП,ПГ,ВПГ",1
600244153,"ОП,ПГ,ВПГ",1
600255174,"ОП,ПГ,ВПГ",1
600260196,"ОП,ПГ,ВПГ",1
600253413,"ОП,ПГ,ВПГ",1
600255777,"ОП,ПГ,ВПГ",1
600256853,"ОП,ПГ,ВПГ",1
600258348,"ОП,ПГ,ВПГ",1
600261074,"ОП,ПГ,ВПГ",1
600255362,"ОП,ПГ,ВПГ",1
600255753,"ОП,ПГ,ВПГ",1
600267865,"ОП,ПГ,ВПГ",1
600255481,"ОП,ПГ,ВПГ",1
600266442,"ОП,ПГ,ВПГ",1
600272226,"ОП,ПГ,ВПГ",1
600250545,"ОП,ПГ,ВПГ",1
600267920,"ОП,ПГ,ВПГ",1
600268418,"ОП,ПГ,ВПГ",1
600260756,"ОП,ПГ,ВПГ",1
600275579,"ОП,ПГ,ВПГ",1
600277567,"ОП,ПГ,ВПГ",1
600279389,"ОП,ПГ,ВПГ",1
600260664,"ОП,ПГ,ВПГ",1
600279854,"ОП,ПГ,ВПГ",1
600288434,"ОП,ПГ,ВПГ",1
600266466,"ОП,ПГ,ВПГ",1
600282191,"ОП,ПГ,ВПГ",1
600284339,"ОП,ПГ,ВПГ",1
600288494,"ОП,ПГ,ВПГ",1
600267201,"ОП,ПГ,ВПГ",1
600268012,"ОП,ПГ,ВПГ",1
600271373,"ОП,ПГ,ВПГ",1
600281097,"ОП,ПГ,ВПГ",1
600282097,"ОП,ПГ,ВПГ",1
600274876,"ОП,ПГ,ВПГ",1
600289595,"ОП,ПГ,ВПГ",1
600315898,"ОП,ПГ,ВПГ",1
600289648,"ОП,ПГ,ВПГ",1
600066507,"ОП,ПГ,ВПГ",1
600274230,"ОП,ПГ,ВПГ",1
600275197,"ОП,ПГ,ВПГ",1
600279160,"ОП,ПГ,ВПГ",1
600289662,"ОП,ПГ,ВПГ",1
600066897,"ОП,ПГ,ВПГ",1
600315104,"ОП,ПГ,ВПГ",1
600286490,"ОП,ПГ,ВПГ",1
600287540,"ОП,ПГ,ВПГ",1
600287659,"ОП,ПГ,ВПГ",1
600064412,"ОП,ПГ,ВПГ",1
600319936,"ОП,ПГ,ВПГ",1
600291644,"ОП,ПГ,ВПГ",1
600320989,"ОП,ПГ,ВПГ",1
600316384,"ОП,ПГ,ВПГ",1
600330035,"ОП,ПГ,ВПГ",1
600320570,"ОП,ПГ,ВПГ",1
600326832,"ОП,ПГ,ВПГ",1
600329824,"ОП,ПГ,ВПГ",1
600331822,"ОП,ПГ,ВПГ",1
600323819,"ОП,ПГ,ВПГ",1
600325333,"ОП,ПГ,ВПГ",1
600331093,"ОП,ПГ,ВПГ",1
600321379,"ОП,ПГ,ВПГ",1
600329479,"ОП,ПГ,ВПГ",1
600336499,"ОП,ПГ,ВПГ",1
600325988,"ОП,ПГ,ВПГ",1
600327069,"ОП,ПГ,ВПГ",1
600324848,"ОП,ПГ,ВПГ",1
600327591,"ОП,ПГ,ВПГ",1
600332048,"ОП,ПГ,ВПГ",1
600333481,"ОП,ПГ,ВПГ",1
600329154,"ОП,ПГ,ВПГ",1
600330191,"ОП,ПГ,ВПГ",1
600335429,"ОП,ПГ,ВПГ",1
600337862,"ОП,ПГ,ВПГ",1
600335753,"ОП,ПГ,ВПГ",1
600336121,"ОП,ПГ,ВПГ",1
600340018,"ОП,ПГ,ВПГ",1
600372845,"ОП,ПГ,ВПГ",1
600339193,"ОП,ПГ,ВПГ",1
600339365,"ОП,ПГ,ВПГ",1
600338851,"ОП,ПГ,ВПГ",1
600174955,"ОП,ПГ,ВПГ",1
600372900,"ОП,ПГ,ВПГ",1
600409065,"ОП,ПГ,ВПГ",1
600179734,"ОП,ПГ,ВПГ",1
600178038,"ОП,ПГ,ВПГ",1
600174243,"ОП,ПГ,ВПГ",1
600174856,"ОП,ПГ,ВПГ",1
600182255,"ОП,ПГ,ВПГ",1
600186772,"ОП,ПГ,ВПГ",1
600404261,"ОП,ПГ,ВПГ",1
600175823,"ОП,ПГ,ВПГ",1
600178079,"ОП,ПГ,ВПГ",1
600183151,"ОП,ПГ,ВПГ",1
600185106,"ОП,ПГ,ВПГ",1
600180266,"ОП,ПГ,ВПГ",1
600181146,"ОП,ПГ,ВПГ",1
600181347,"ОП,ПГ,ВПГ",1
600184090,"ОП,ПГ,ВПГ",1
600186596,"ОП,ПГ,ВПГ",1
600183917,"ОП,ПГ,ВПГ",1
600185500,"ОП,ПГ,ВПГ",1
600186942,"ОП,ПГ,ВПГ",1
600182940,"ОП,ПГ,ВПГ",1
600187146,"ОП,ПГ,ВПГ",1
600471464,"ОП,ПГ,ВПГ",1
600309910,"ОП,ПГ,ВПГ",1
600310982,"ОП,ПГ,ВПГ",1
600311346,"ОП,ПГ,ВПГ",1
600312192,"ОП,ПГ,ВПГ",1
600307929,"ОП,ПГ,ВПГ",1
600311766,"ОП,ПГ,ВПГ",1
600306989,"ОП,ПГ,ВПГ",1
600308026,"ОП,ПГ,ВПГ",1
600310226,"ОП,ПГ,ВПГ",1
600313665,"ОП,ПГ,ВПГ",1
600313767,"ОП,ПГ,ВПГ",1
600311793,"ОП,ПГ,ВПГ",1
600493310,"ОП,ПГ,ВПГ",1
600300084,ПГ,0
600198431,ПГ,0
600299952,ПГ,0
600189362,ПГ,0
600301178,ПГ,0
600304710,ПГ,0
600299502,ПГ,0
600300058,ПГ,0
600302029,ПГ,0
600304436,ПГ,0
600300040,ПГ,0
600299711,ПГ,0
600299743,ПГ,0
600301067,ПГ,0
600301204,ПГ,0
600303572,ПГ,0
600300227,ПГ,0
600301207,ПГ,0
600302205,ПГ,0
600191338,ПГ,0
600238182,ПГ,0
600238304,ПГ,0
600238217,ПГ,0
600238311,ПГ,0
600226654,ПГ,0
600227166,ПГ,0
600233334,ПГ,0
600247961,ПГ,0
600228870,ПГ,0
600233262,ПГ,0
600238315,ПГ,0
600244740,ПГ,0
600259483,ПГ,0
600238284,ПГ,0
600247845,ПГ,0
600248130,ПГ,0
600245099,ПГ,0
600247942,ПГ,0
600249817,ПГ,0
600248079,ПГ,0
600263116,ПГ,0
600263654,ПГ,0
600264678,ПГ,0
600268595,ПГ,0
600247964,ПГ,0
600268230,ПГ,0
600270965,ПГ,0
600256394,ПГ,0
600262902,ПГ,0
600270208,ПГ,0
600277321,ПГ,0
600262829,ПГ,0
600262855,ПГ,0
600263025,ПГ,0
600263152,ПГ,0
600276672,ПГ,0
600279642,ПГ,0
600259408,ПГ,0
600263705,ПГ,0
600268502,ПГ,0
600278800,ПГ,0
600270924,ПГ,0
600275832,ПГ,0
600281520,ПГ,0
600285953,ПГ,0
600289183,ПГ,0
600262966,ПГ,0
600268470,ПГ,0
600269747,ПГ,0
600279440,ПГ,0
600281353,ПГ,0
600289134,ПГ,0
600277468,ПГ,0
600273572,ПГ,0
600277933,ПГ,0
600286614,ПГ,0
600291666,ПГ,0
600316262,ПГ,0
600281875,ПГ,0
600315654,ПГ,0
600315721,ПГ,0
600286621,ПГ,0
600314785,ПГ,0
600286600,ПГ,0
600316156,ПГ,0
600315646,ПГ,0
600325428,ПГ,0
600326620,ПГ,0
600326836,ПГ,0
600327111,ПГ,0
600327449,ПГ,0
600315704,ПГ,0
600316290,ПГ,0
600325623,ПГ,0
600333116,ПГ,0
600316451,ПГ,0
600326730,ПГ,0
600326989,ПГ,0
600327032,ПГ,0
600327085,ПГ,0
600336041,ПГ,0
600336084,ПГ,0
600336103,ПГ,0
600336769,ПГ,0
600325576,ПГ,0
600326714,ПГ,0
600327299,ПГ,0
600332315,ПГ,0
600325532,ПГ,0
600326572,ПГ,0
600326631,ПГ,0
600326794,ПГ,0
600327100,ПГ,0
600327103,ПГ,0
600327835,ПГ,0
600336072,ПГ,0
600337421,ПГ,0
600337438,ПГ,0
600337597,ПГ,0
600325403,ПГ,0
600325706,ПГ,0
600326753,ПГ,0
600327086,ПГ,0
600337564,ПГ,0
600337754,ПГ,0
600326685,ПГ,0
600326790,ПГ,0
600327039,ПГ,0
600327079,ПГ,0
600336098,ПГ,0
600337497,ПГ,0
600337751,ПГ,0
600337857,ПГ,0
600338051,ПГ,0
600338054,ПГ,0
600342565,ПГ,0
600325451,ПГ,0
600325550,ПГ,0
600326749,ПГ,0
600326889,ПГ,0
600337532,ПГ,0
600337668,ПГ,0
600337772,ПГ,0
600337775,ПГ,0
600337812,ПГ,0
600338078,ПГ,0
600342562,ПГ,0
600344542,ПГ,0
600346138,ПГ,0
600346571,ПГ,0
600346773,ПГ,0
600346857,ПГ,0
600332307,ПГ,0
600334921,ПГ,0
600337448,ПГ,0
600337561,ПГ,0
600337783,ПГ,0
600337948,ПГ,0
600337989,ПГ,0
600342078,ПГ,0
600346136,ПГ,0
600346499,ПГ,0
600346832,ПГ,0
600358546,ПГ,0
600360886,ПГ,0
600336111,ПГ,0
600337555,ПГ,0
600337697,ПГ,0
600337841,ПГ,0
600338077,ПГ,0
600338473,ПГ,0
600342591,ПГ,0
600342616,ПГ,0
600346790,ПГ,0
600346822,ПГ,0
600346933,ПГ,0
600360497,ПГ,0
600337412,ПГ,0
600337576,ПГ,0
600337614,ПГ,0
600337748,ПГ,0
600338027,ПГ,0
600338084,ПГ,0
600339342,ПГ,0
600342567,ПГ,0
600342574,ПГ,0
600342598,ПГ,0
600343697,ПГ,0
600346797,ПГ,0
600353682,ПГ,0
600358702,ПГ,0
600359336,ПГ,0
600369186,ПГ,0
600369221,ПГ,0
600337573,ПГ,0
600337723,ПГ,0
600338024,ПГ,0
600338777,ПГ,0
600342572,ПГ,0
600346130,ПГ,0
600346155,ПГ,0
600346861,ПГ,0
600348004,ПГ,0
600360223,ПГ,0
600370173,ПГ,0
600337621,ПГ,0
600337887,ПГ,0
600338047,ПГ,0
600344759,ПГ,0
600346186,ПГ,0
600346370,ПГ,0
600354073,ПГ,0
600360437,ПГ,0
600360619,ПГ,0
600378687,ПГ,0
600338004,ПГ,0
600342578,ПГ,0
600342615,ПГ,0
600364505,ПГ,0
600370215,ПГ,0
600398651,ПГ,0
600342570,ПГ,0
600345253,ПГ,0
600346177,ПГ,0
600346191,ПГ,0
600346386,ПГ,0
600346742,ПГ,0
600346864,ПГ,0
600358699,ПГ,0
600359156,ПГ,0
600375959,ПГ,0
600381683,ПГ,0
600389195,ПГ,0
600389219,ПГ,0
600397336,ПГ,0
600174297,ПГ,0
600175091,ПГ,0
600176224,ПГ,0
600177871,ПГ,0
600178243,ПГ,0
600408500,ПГ,0
600415617,ПГ,0
600175887,ПГ,0
600176590,ПГ,0
600178113,ПГ,0
600178757,ПГ,0
600396755,ПГ,0
600398426,ПГ,0
600398594,ПГ,0
600398632,ПГ,0
600404396,ПГ,0
600407288,ПГ,0
600176811,ПГ,0
600177992,ПГ,0
600471347,ПГ,0
600471385,ПГ,0
600471560,ПГ,0
600391904,ПГ,0
600394123,ПГ,0
600407256,ПГ,0
600173476,ПГ,0
600174151,ПГ,0
600175939,ПГ,0
600177047,ПГ,0
600398647,ПГ,0
600176191,ПГ,0
600178155,ПГ,0
600178273,ПГ,0
600178286,ПГ,0
600179874,ПГ,0
600471307,ПГ,0
600471352,ПГ,0
600471412,ПГ,0
600401069,ПГ,0
600415468,ПГ,0
600178116,ПГ,0
600178248,ПГ,0
600178266,ПГ,0
600471296,ПГ,0
600471407,ПГ,0
600471695,ПГ,0
600396758,ПГ,0
600176045,ПГ,0
600176807,ПГ,0
600177101,ПГ,0
600178366,ПГ,0
600471290,ПГ,0
600471316,ПГ,0
600471614,ПГ,0
600472176,ПГ,0
600407554,ПГ,0
600407589,ПГ,0
600408556,ПГ,0
600173759,ПГ,0
600175628,ПГ,0
600176826,ПГ,0
600177086,ПГ,0
600178837,ПГ,0
600178515,ПГ,0
600179194,ПГ,0
600471343,ПГ,0
600471340,ПГ,0
600471404,ПГ,0
600471848,ПГ,0
600307564,ПГ,0
600471351,ПГ,0
600471807,ПГ,0
600472174,ПГ,0
600307526,ПГ,0
600438588,ПГ,0
600459942,ПГ,0
600460536,ПГ,0
600460770,ПГ,0
600307448,ПГ,0
600307486,ПГ,0
600464566,ПГ,0
600464600,ПГ,0
600465337,ПГ,0
600465344,ПГ,0
600465370,ПГ,0
600465387,ПГ,0
600471335,ПГ,0
600472134,ПГ,0
600307250,ПГ,0
600312995,ПГ,0
600438583,ПГ,0
600455955,ПГ,0
600459225,ПГ,0
600462496,ПГ,0
600462526,ПГ,0
600462529,ПГ,0
600463083,ПГ,0
600465376,ПГ,0
600465383,ПГ,0
600465392,ПГ,0
600465413,ПГ,0
600465411,ПГ,0
600471286,ПГ,0
600471531,ПГ,0
600478482,ПГ,0
600313732,ПГ,0
600420321,ПГ,0
600438589,ПГ,0
600438598,ПГ,0
600458991,ПГ,0
600312822,ПГ,0
600441067,ПГ,0
600460818,ПГ,0
600462431,ПГ,0
600464583,ПГ,0
600464597,ПГ,0
600466328,ПГ,0
600466380,ПГ,0
600466757,ПГ,0
600307442,ПГ,0
600313697,ПГ,0
600461413,ПГ,0
600462407,ПГ,0
600464567,ПГ,0
600464587,ПГ,0
600464588,ПГ,0
600465340,ПГ,0
600465409,ПГ,0
600466074,ПГ,0
600438575,ПГ,0
600438581,ПГ,0
600438594,ПГ,0
600461983,ПГ,0
600462410,ПГ,0
600462525,ПГ,0
600463085,ПГ,0
600465381,ПГ,0
600465386,ПГ,0
600465401,ПГ,0
600466070,ПГ,0
600466298,ПГ,0
600460701,ПГ,0
600462415,ПГ,0
600462417,ПГ,0
600462480,ПГ,0
600462530,ПГ,0
600464561,ПГ,0
600465393,ПГ,0
600465416,ПГ,0
600466075,ПГ,0
600466265,ПГ,0
600466261,ПГ,0
600466327,ПГ,0
600465430,ПГ,0
600466071,ПГ,0
600466683,ПГ,0
600466124,ПГ,0
600466363,ПГ,0
600466364,ПГ,0
600466791,ПГ,0
600311882,ПГ,0
600312110,ПГ,0
600455959,ПГ,0
600461511,ПГ,0
600462406,ПГ,0
600464585,ПГ,0
600465346,ПГ,0
600465368,ПГ,0
600466082,ПГ,0
600466313,ПГ,0
600466756,ПГ,0
600466804,ПГ,0
600462409,ПГ,0
600462432,ПГ,0
600462476,ПГ,0
600462521,ПГ,0
600465354,ПГ,0
600465400,ПГ,0
600465404,ПГ,0
600466113,ПГ,0
600466131,ПГ,0
600466275,ПГ,0
600466301,ПГ,0
600300239,ПГ,1
600190892,ПГ,1
600198423,ПГ,1
600299770,ПГ,1
600300204,ПГ,1
600303226,ПГ,1
600214360,ПГ,1
600221034,ПГ,1
600248004,ПГ,1
600248096,ПГ,1
600254383,ПГ,1
600256315,ПГ,1
600247968,ПГ,1
600262941,ПГ,1
600268494,ПГ,1
600247918,ПГ,1
600263058,ПГ,1
600248121,ПГ,1
600262851,ПГ,1
600270939,ПГ,1
600268379,ПГ,1
600268840,ПГ,1
600288528,ПГ,1
600277471,ПГ,1
600287575,ПГ,1
600281566,ПГ,1
600289030,ПГ,1
600325568,ПГ,1
600327107,ПГ,1
600325783,ПГ,1
600325738,ПГ,1
600336090,ПГ,1
600325731,ПГ,1
600327145,ПГ,1
600327185,ПГ,1
600337476,ПГ,1
600326674,ПГ,1
600326772,ПГ,1
600334897,ПГ,1
600336001,ПГ,1
600325501,ПГ,1
600325778,ПГ,1
600333230,ПГ,1
600337402,ПГ,1
600339793,ПГ,1
600333328,ПГ,1
600334889,ПГ,1
600336154,ПГ,1
600337513,ПГ,1
600346706,ПГ,1
600337418,ПГ,1
600346123,ПГ,1
600346756,ПГ,1
600337808,ПГ,1
600342607,ПГ,1
600337451,ПГ,1
600337487,ПГ,1
600337731,ПГ,1
600344562,ПГ,1
600346926,ПГ,1
600353004,ПГ,1
600337839,ПГ,1
600342596,ПГ,1
600350947,ПГ,1
600346166,ПГ,1
600346749,ПГ,1
600346811,ПГ,1
600359880,ПГ,1
600396751,ПГ,1
600175081,ПГ,1
600175853,ПГ,1
600394430,ПГ,1
600178755,ПГ,1
600178314,ПГ,1
600471707,ПГ,1
600398655,ПГ,1
600407541,ПГ,1
600396745,ПГ,1
600471605,ПГ,1
600396778,ПГ,1
600408069,ПГ,1
600175318,ПГ,1
600471568,ПГ,1
600176669,ПГ,1
600177916,ПГ,1
600180333,ПГ,1
600305850,ПГ,1
600307600,ПГ,1
600438582,ПГ,1
600438542,ПГ,1
600438560,ПГ,1
600462426,ПГ,1
600462418,ПГ,1
600462487,ПГ,1
600472199,ПГ,1
600462442,ПГ,1
600466065,ПГ,1
600455566,ПГ,1
600462519,ПГ,1
600463858,ПГ,1
600465426,ПГ,1
600466381,ПГ,1
600466335,ПГ,1
600466110,ПГ,1
600466263,ПГ,1
600466277,ПГ,1
600466314,ПГ,1
600306560,ПГ,1
600438545,ПГ,1
600465357,ПГ,1
600466089,ПГ,1
600466305,ПГ,1
600466374,ПГ,1
600464608,ПГ,1
600465327,ПГ,1
600465427,ПГ,1
600466343,ПГ,1
600466649,ПГ,1
600292396,"ПГ,ВПГ",0
600295070,"ПГ,ВПГ",0
600297284,"ПГ,ВПГ",0
600298748,"ПГ,ВПГ",0
600299520,"ПГ,ВПГ",0
600300539,"ПГ,ВПГ",0
600301165,"ПГ,ВПГ",0
600193549,"ПГ,ВПГ",0
600194697,"ПГ,ВПГ",0
600294617,"ПГ,ВПГ",0
600296664,"ПГ,ВПГ",0
600300622,"ПГ,ВПГ",0
600302323,"ПГ,ВПГ",0
600303305,"ПГ,ВПГ",0
600192021,"ПГ,ВПГ",0
600193346,"ПГ,ВПГ",0
600194943,"ПГ,ВПГ",0
600196426,"ПГ,ВПГ",0
600293312,"ПГ,ВПГ",0
600298083,"ПГ,ВПГ",0
600298650,"ПГ,ВПГ",0
600298792,"ПГ,ВПГ",0
600299157,"ПГ,ВПГ",0
600299678,"ПГ,ВПГ",0
600299767,"ПГ,ВПГ",0
600303561,"ПГ,ВПГ",0
600196659,"ПГ,ВПГ",0
600197200,"ПГ,ВПГ",0
600197518,"ПГ,ВПГ",0
600197581,"ПГ,ВПГ",0
600199908,"ПГ,ВПГ",0
600295084,"ПГ,ВПГ",0
600295175,"ПГ,ВПГ",0
600297956,"ПГ,ВПГ",0
600300829,"ПГ,ВПГ",0
600193288,"ПГ,ВПГ",0
600194380,"ПГ,ВПГ",0
600194903,"ПГ,ВПГ",0
600195125,"ПГ,ВПГ",0
600195428,"ПГ,ВПГ",0
600198711,"ПГ,ВПГ",0
600295227,"ПГ,ВПГ",0
600295279,"ПГ,ВПГ",0
600296062,"ПГ,ВПГ",0
600296446,"ПГ,ВПГ",0
600300951,"ПГ,ВПГ",0
600302872,"ПГ,ВПГ",0
600194520,"ПГ,ВПГ",0
600194889,"ПГ,ВПГ",0
600195096,"ПГ,ВПГ",0
600195954,"ПГ,ВПГ",0
600197621,"ПГ,ВПГ",0
600293802,"ПГ,ВПГ",0
600294845,"ПГ,ВПГ",0
600295125,"ПГ,ВПГ",0
600299855,"ПГ,ВПГ",0
600189520,"ПГ,ВПГ",0
600194073,"ПГ,ВПГ",0
600194230,"ПГ,ВПГ",0
600194753,"ПГ,ВПГ",0
600196943,"ПГ,ВПГ",0
600216642,"ПГ,ВПГ",0
600293124,"ПГ,ВПГ",0
600293672,"ПГ,ВПГ",0
600294317,"ПГ,ВПГ",0
600296603,"ПГ,ВПГ",0
600300564,"ПГ,ВПГ",0
600300722,"ПГ,ВПГ",0
600300936,"ПГ,ВПГ",0
600193969,"ПГ,ВПГ",0
600216507,"ПГ,ВПГ",0
600294360,"ПГ,ВПГ",0
600295529,"ПГ,ВПГ",0
600298760,"ПГ,ВПГ",0
600196038,"ПГ,ВПГ",0
600216683,"ПГ,ВПГ",0
600216720,"ПГ,ВПГ",0
600217022,"ПГ,ВПГ",0
600242913,"ПГ,ВПГ",0
600208911,"ПГ,ВПГ",0
600210331,"ПГ,ВПГ",0
600217153,"ПГ,ВПГ",0
600217641,"ПГ,ВПГ",0
600218115,"ПГ,ВПГ",0
600218598,"ПГ,ВПГ",0
600238933,"ПГ,ВПГ",0
600205563,"ПГ,ВПГ",0
600211266,"ПГ,ВПГ",0
600213125,"ПГ,ВПГ",0
600217895,"ПГ,ВПГ",0
600241490,"ПГ,ВПГ",0
600241676,"ПГ,ВПГ",0
600242550,"ПГ,ВПГ",0
600214002,"ПГ,ВПГ",0
600216580,"ПГ,ВПГ",0
600222393,"ПГ,ВПГ",0
600238149,"ПГ,ВПГ",0
600238769,"ПГ,ВПГ",0
600242968,"ПГ,ВПГ",0
600243208,"ПГ,ВПГ",0
600233598,"ПГ,ВПГ",0
600241940,"ПГ,ВПГ",0
600243760,"ПГ,ВПГ",0
600243846,"ПГ,ВПГ",0
600249547,"ПГ,ВПГ",0
600253976,"ПГ,ВПГ",0
600254360,"ПГ,ВПГ",0
600258195,"ПГ,ВПГ",0
600259238,"ПГ,ВПГ",0
600242935,"ПГ,ВПГ",0
600242974,"ПГ,ВПГ",0
600244057,"ПГ,ВПГ",0
600248236,"ПГ,ВПГ",0
600248763,"ПГ,ВПГ",0
600249169,"ПГ,ВПГ",0
600249513,"ПГ,ВПГ",0
600250383,"ПГ,ВПГ",0
600253840,"ПГ,ВПГ",0
600257994,"ПГ,ВПГ",0
600258093,"ПГ,ВПГ",0
600258426,"ПГ,ВПГ",0
600243253,"ПГ,ВПГ",0
600244323,"ПГ,ВПГ",0
600248704,"ПГ,ВПГ",0
600250035,"ПГ,ВПГ",0
600252523,"ПГ,ВПГ",0
600254157,"ПГ,ВПГ",0
600258041,"ПГ,ВПГ",0
600261941,"ПГ,ВПГ",0
600243013,"ПГ,ВПГ",0
600243593,"ПГ,ВПГ",0
600261416,"ПГ,ВПГ",0
600261453,"ПГ,ВПГ",0
600261759,"ПГ,ВПГ",0
600261752,"ПГ,ВПГ",0
600261861,"ПГ,ВПГ",0
600262569,"ПГ,ВПГ",0
600264496,"ПГ,ВПГ",0
600266566,"ПГ,ВПГ",0
600248859,"ПГ,ВПГ",0
600249490,"ПГ,ВПГ",0
600254959,"ПГ,ВПГ",0
600244296,"ПГ,ВПГ",0
600249696,"ПГ,ВПГ",0
600253265,"ПГ,ВПГ",0
600253671,"ПГ,ВПГ",0
600256560,"ПГ,ВПГ",0
600258251,"ПГ,ВПГ",0
600261902,"ПГ,ВПГ",0
600263201,"ПГ,ВПГ",0
600272077,"ПГ,ВПГ",0
600252505,"ПГ,ВПГ",0
600258124,"ПГ,ВПГ",0
600259310,"ПГ,ВПГ",0
600249020,"ПГ,ВПГ",0
600251405,"ПГ,ВПГ",0
600252620,"ПГ,ВПГ",0
600263336,"ПГ,ВПГ",0
600288342,"ПГ,ВПГ",0
600263726,"ПГ,ВПГ",0
600266569,"ПГ,ВПГ",0
600281312,"ПГ,ВПГ",0
600262607,"ПГ,ВПГ",0
600288202,"ПГ,ВПГ",0
600281053,"ПГ,ВПГ",0
600281246,"ПГ,ВПГ",0
600281426,"ПГ,ВПГ",0
600281826,"ПГ,ВПГ",0
600289332,"ПГ,ВПГ",0
600315957,"ПГ,ВПГ",0
600316972,"ПГ,ВПГ",0
600317175,"ПГ,ВПГ",0
600281230,"ПГ,ВПГ",0
600314005,"ПГ,ВПГ",0
600315168,"ПГ,ВПГ",0
600282194,"ПГ,ВПГ",0
600316463,"ПГ,ВПГ",0
600317470,"ПГ,ВПГ",0
600317554,"ПГ,ВПГ",0
600318128,"ПГ,ВПГ",0
600281710,"ПГ,ВПГ",0
600281766,"ПГ,ВПГ",0
600290493,"ПГ,ВПГ",0
600314646,"ПГ,ВПГ",0
600314776,"ПГ,ВПГ",0
600318842,"ПГ,ВПГ",0
600319564,"ПГ,ВПГ",0
600319703,"ПГ,ВПГ",0
600319744,"ПГ,ВПГ",0
600283528,"ПГ,ВПГ",0
600288206,"ПГ,ВПГ",0
600318779,"ПГ,ВПГ",0
600319109,"ПГ,ВПГ",0
600319829,"ПГ,ВПГ",0
600320152,"ПГ,ВПГ",0
600320285,"ПГ,ВПГ",0
600314924,"ПГ,ВПГ",0
600315679,"ПГ,ВПГ",0
600316215,"ПГ,ВПГ",0
600317312,"ПГ,ВПГ",0
600317764,"ПГ,ВПГ",0
600323351,"ПГ,ВПГ",0
600317250,"ПГ,ВПГ",0
600317768,"ПГ,ВПГ",0
600318058,"ПГ,ВПГ",0
600318463,"ПГ,ВПГ",0
600319868,"ПГ,ВПГ",0
600320111,"ПГ,ВПГ",0
600322391,"ПГ,ВПГ",0
600318165,"ПГ,ВПГ",0
600318754,"ПГ,ВПГ",0
600319593,"ПГ,ВПГ",0
600324957,"ПГ,ВПГ",0
600317298,"ПГ,ВПГ",0
600318556,"ПГ,ВПГ",0
600322343,"ПГ,ВПГ",0
600329254,"ПГ,ВПГ",0
600321807,"ПГ,ВПГ",0
600323615,"ПГ,ВПГ",0
600324127,"ПГ,ВПГ",0
600325264,"ПГ,ВПГ",0
600329117,"ПГ,ВПГ",0
600337127,"ПГ,ВПГ",0
600321777,"ПГ,ВПГ",0
600324965,"ПГ,ВПГ",0
600329133,"ПГ,ВПГ",0
600337813,"ПГ,ВПГ",0
600329247,"ПГ,ВПГ",0
600340973,"ПГ,ВПГ",0
600317380,"ПГ,ВПГ",0
600317924,"ПГ,ВПГ",0
600323593,"ПГ,ВПГ",0
600325086,"ПГ,ВПГ",0
600325097,"ПГ,ВПГ",0
600325145,"ПГ,ВПГ",0
600329073,"ПГ,ВПГ",0
600329239,"ПГ,ВПГ",0
600341058,"ПГ,ВПГ",0
600337156,"ПГ,ВПГ",0
600337804,"ПГ,ВПГ",0
600362010,"ПГ,ВПГ",0
600362718,"ПГ,ВПГ",0
600340830,"ПГ,ВПГ",0
600355278,"ПГ,ВПГ",0
600362245,"ПГ,ВПГ",0
600362645,"ПГ,ВПГ",0
600362687,"ПГ,ВПГ",0
600364398,"ПГ,ВПГ",0
600364436,"ПГ,ВПГ",0
600365413,"ПГ,ВПГ",0
600365442,"ПГ,ВПГ",0
600366112,"ПГ,ВПГ",0
600366593,"ПГ,ВПГ",0
600367012,"ПГ,ВПГ",0
600367157,"ПГ,ВПГ",0
600367554,"ПГ,ВПГ",0
600367668,"ПГ,ВПГ",0
600336800,"ПГ,ВПГ",0
600337552,"ПГ,ВПГ",0
600338251,"ПГ,ВПГ",0
600340889,"ПГ,ВПГ",0
600360711,"ПГ,ВПГ",0
600363109,"ПГ,ВПГ",0
600363336,"ПГ,ВПГ",0
600365154,"ПГ,ВПГ",0
600366298,"ПГ,ВПГ",0
600366766,"ПГ,ВПГ",0
600367371,"ПГ,ВПГ",0
600367847,"ПГ,ВПГ",0
600370572,"ПГ,ВПГ",0
600374298,"ПГ,ВПГ",0
600337077,"ПГ,ВПГ",0
600341285,"ПГ,ВПГ",0
600358689,"ПГ,ВПГ",0
600358739,"ПГ,ВПГ",0
600358964,"ПГ,ВПГ",0
600360113,"ПГ,ВПГ",0
600362042,"ПГ,ВПГ",0
600362425,"ПГ,ВПГ",0
600364324,"ПГ,ВПГ",0
600366829,"ПГ,ВПГ",0
600367198,"ПГ,ВПГ",0
600367456,"ПГ,ВПГ",0
600367706,"ПГ,ВПГ",0
600357528,"ПГ,ВПГ",0
600359624,"ПГ,ВПГ",0
600359772,"ПГ,ВПГ",0
600361584,"ПГ,ВПГ",0
600361617,"ПГ,ВПГ",0
600365109,"ПГ,ВПГ",0
600367666,"ПГ,ВПГ",0
600368188,"ПГ,ВПГ",0
600374216,"ПГ,ВПГ",0
600376492,"ПГ,ВПГ",0
600376673,"ПГ,ВПГ",0
600377825,"ПГ,ВПГ",0
600378719,"ПГ,ВПГ",0
600382245,"ПГ,ВПГ",0
600385147,"ПГ,ВПГ",0
600341165,"ПГ,ВПГ",0
600341349,"ПГ,ВПГ",0
600355093,"ПГ,ВПГ",0
600360438,"ПГ,ВПГ",0
600361898,"ПГ,ВПГ",0
600362172,"ПГ,ВПГ",0
600362332,"ПГ,ВПГ",0
600362594,"ПГ,ВПГ",0
600362669,"ПГ,ВПГ",0
600365433,"ПГ,ВПГ",0
600366317,"ПГ,ВПГ",0
600366576,"ПГ,ВПГ",0
600366979,"ПГ,ВПГ",0
600367660,"ПГ,ВПГ",0
600373745,"ПГ,ВПГ",0
600375387,"ПГ,ВПГ",0
600376102,"ПГ,ВПГ",0
600381563,"ПГ,ВПГ",0
600383094,"ПГ,ВПГ",0
600386058,"ПГ,ВПГ",0
600356933,"ПГ,ВПГ",0
600356939,"ПГ,ВПГ",0
600358746,"ПГ,ВПГ",0
600361452,"ПГ,ВПГ",0
600361542,"ПГ,ВПГ",0
600361873,"ПГ,ВПГ",0
600363502,"ПГ,ВПГ",0
600364266,"ПГ,ВПГ",0
600364881,"ПГ,ВПГ",0
600365134,"ПГ,ВПГ",0
600365201,"ПГ,ВПГ",0
600365205,"ПГ,ВПГ",0
600366930,"ПГ,ВПГ",0
600368125,"ПГ,ВПГ",0
600374706,"ПГ,ВПГ",0
600374930,"ПГ,ВПГ",0
600375224,"ПГ,ВПГ",0
600375243,"ПГ,ВПГ",0
600379142,"ПГ,ВПГ",0
600379308,"ПГ,ВПГ",0
600381944,"ПГ,ВПГ",0
600385581,"ПГ,ВПГ",0
600389793,"ПГ,ВПГ",0
600391819,"ПГ,ВПГ",0
600395497,"ПГ,ВПГ",0
600396211,"ПГ,ВПГ",0
600397503,"ПГ,ВПГ",0
600349366,"ПГ,ВПГ",0
600353074,"ПГ,ВПГ",0
600364271,"ПГ,ВПГ",0
600365391,"ПГ,ВПГ",0
600372748,"ПГ,ВПГ",0
600373100,"ПГ,ВПГ",0
600373306,"ПГ,ВПГ",0
600374654,"ПГ,ВПГ",0
600374913,"ПГ,ВПГ",0
600374942,"ПГ,ВПГ",0
600375103,"ПГ,ВПГ",0
600375426,"ПГ,ВПГ",0
600376425,"ПГ,ВПГ",0
600367703,"ПГ,ВПГ",0
600367824,"ПГ,ВПГ",0
600379049,"ПГ,ВПГ",0
600381542,"ПГ,ВПГ",0
600390711,"ПГ,ВПГ",0
600395405,"ПГ,ВПГ",0
600395454,"ПГ,ВПГ",0
600395478,"ПГ,ВПГ",0
600395525,"ПГ,ВПГ",0
600396213,"ПГ,ВПГ",0
600367662,"ПГ,ВПГ",0
600367756,"ПГ,ВПГ",0
600374076,"ПГ,ВПГ",0
600375265,"ПГ,ВПГ",0
600389063,"ПГ,ВПГ",0
600395119,"ПГ,ВПГ",0
600395661,"ПГ,ВПГ",0
600396090,"ПГ,ВПГ",0
600397697,"ПГ,ВПГ",0
600404936,"ПГ,ВПГ",0
600375029,"ПГ,ВПГ",0
600376379,"ПГ,ВПГ",0
600376666,"ПГ,ВПГ",0
600383126,"ПГ,ВПГ",0
600387026,"ПГ,ВПГ",0
600388704,"ПГ,ВПГ",0
600389052,"ПГ,ВПГ",0
600390261,"ПГ,ВПГ",0
600398177,"ПГ,ВПГ",0
600185311,"ПГ,ВПГ",0
600376027,"ПГ,ВПГ",0
600376669,"ПГ,ВПГ",0
600377746,"ПГ,ВПГ",0
600377954,"ПГ,ВПГ",0
600378663,"ПГ,ВПГ",0
600379000,"ПГ,ВПГ",0
600383736,"ПГ,ВПГ",0
600390595,"ПГ,ВПГ",0
600390704,"ПГ,ВПГ",0
600391532,"ПГ,ВПГ",0
600393096,"ПГ,ВПГ",0
600395265,"ПГ,ВПГ",0
600395607,"ПГ,ВПГ",0
600400286,"ПГ,ВПГ",0
600407795,"ПГ,ВПГ",0
600389115,"ПГ,ВПГ",0
600389154,"ПГ,ВПГ",0
600395542,"ПГ,ВПГ",0
600415337,"ПГ,ВПГ",0
600471414,"ПГ,ВПГ",0
600389131,"ПГ,ВПГ",0
600389462,"ПГ,ВПГ",0
600390726,"ПГ,ВПГ",0
600395420,"ПГ,ВПГ",0
600395446,"ПГ,ВПГ",0
600398031,"ПГ,ВПГ",0
600408286,"ПГ,ВПГ",0
600408299,"ПГ,ВПГ",0
600174824,"ПГ,ВПГ",0
600176702,"ПГ,ВПГ",0
600395194,"ПГ,ВПГ",0
600395254,"ПГ,ВПГ",0
600400309,"ПГ,ВПГ",0
600181921,"ПГ,ВПГ",0
600408845,"ПГ,ВПГ",0
600180807,"ПГ,ВПГ",0
600180346,"ПГ,ВПГ",0
600185229,"ПГ,ВПГ",0
600308301,"ПГ,ВПГ",0
600181132,"ПГ,ВПГ",0
600307517,"ПГ,ВПГ",0
600311287,"ПГ,ВПГ",0
600307432,"ПГ,ВПГ",0
600309431,"ПГ,ВПГ",0
600312285,"ПГ,ВПГ",0
600313179,"ПГ,ВПГ",0
600313509,"ПГ,ВПГ",0
600308556,"ПГ,ВПГ",0
600308747,"ПГ,ВПГ",0
600311796,"ПГ,ВПГ",0
600313175,"ПГ,ВПГ",0
600454042,"ПГ,ВПГ",0
600308755,"ПГ,ВПГ",0
600309520,"ПГ,ВПГ",0
600310705,"ПГ,ВПГ",0
600460336,"ПГ,ВПГ",0
600460582,"ПГ,ВПГ",0
600310721,"ПГ,ВПГ",0
600312602,"ПГ,ВПГ",0
600312851,"ПГ,ВПГ",0
600309219,"ПГ,ВПГ",0
600310764,"ПГ,ВПГ",0
600312119,"ПГ,ВПГ",0
600307446,"ПГ,ВПГ",0
600307503,"ПГ,ВПГ",0
600459995,"ПГ,ВПГ",0
600297168,"ПГ,ВПГ",1
600194684,"ПГ,ВПГ",1
600196019,"ПГ,ВПГ",1
600303476,"ПГ,ВПГ",1
600194548,"ПГ,ВПГ",1
600196622,"ПГ,ВПГ",1
600196744,"ПГ,ВПГ",1
600293213,"ПГ,ВПГ",1
600295560,"ПГ,ВПГ",1
600297308,"ПГ,ВПГ",1
600190327,"ПГ,ВПГ",1
600293979,"ПГ,ВПГ",1
600295190,"ПГ,ВПГ",1
600295639,"ПГ,ВПГ",1
600299150,"ПГ,ВПГ",1
600300356,"ПГ,ВПГ",1
600189389,"ПГ,ВПГ",1
600196548,"ПГ,ВПГ",1
600196693,"ПГ,ВПГ",1
600296536,"ПГ,ВПГ",1
600210302,"ПГ,ВПГ",1
600294834,"ПГ,ВПГ",1
600295149,"ПГ,ВПГ",1
600298755,"ПГ,ВПГ",1
600197185,"ПГ,ВПГ",1
600203433,"ПГ,ВПГ",1
600298736,"ПГ,ВПГ",1
600299022,"ПГ,ВПГ",1
600301658,"ПГ,ВПГ",1
600217283,"ПГ,ВПГ",1
600296285,"ПГ,ВПГ",1
600300719,"ПГ,ВПГ",1
600302349,"ПГ,ВПГ",1
600199742,"ПГ,ВПГ",1
600211584,"ПГ,ВПГ",1
600214119,"ПГ,ВПГ",1
600218181,"ПГ,ВПГ",1
600218316,"ПГ,ВПГ",1
600216881,"ПГ,ВПГ",1
600218119,"ПГ,ВПГ",1
600218201,"ПГ,ВПГ",1
600217330,"ПГ,ВПГ",1
600242971,"ПГ,ВПГ",1
600238204,"ПГ,ВПГ",1
600242906,"ПГ,ВПГ",1
600243628,"ПГ,ВПГ",1
600216758,"ПГ,ВПГ",1
600238125,"ПГ,ВПГ",1
600239044,"ПГ,ВПГ",1
600244457,"ПГ,ВПГ",1
600242444,"ПГ,ВПГ",1
600248844,"ПГ,ВПГ",1
600251534,"ПГ,ВПГ",1
600262543,"ПГ,ВПГ",1
600243485,"ПГ,ВПГ",1
600243997,"ПГ,ВПГ",1
600249106,"ПГ,ВПГ",1
600248466,"ПГ,ВПГ",1
600249687,"ПГ,ВПГ",1
600262512,"ПГ,ВПГ",1
600263588,"ПГ,ВПГ",1
600266791,"ПГ,ВПГ",1
600248524,"ПГ,ВПГ",1
600249738,"ПГ,ВПГ",1
600258191,"ПГ,ВПГ",1
600267210,"ПГ,ВПГ",1
600258484,"ПГ,ВПГ",1
600271938,"ПГ,ВПГ",1
600249634,"ПГ,ВПГ",1
600253628,"ПГ,ВПГ",1
600281610,"ПГ,ВПГ",1
600281606,"ПГ,ВПГ",1
600250956,"ПГ,ВПГ",1
600254076,"ПГ,ВПГ",1
600263176,"ПГ,ВПГ",1
600281578,"ПГ,ВПГ",1
600289340,"ПГ,ВПГ",1
600315396,"ПГ,ВПГ",1
600289425,"ПГ,ВПГ",1
600314017,"ПГ,ВПГ",1
600275001,"ПГ,ВПГ",1
600317839,"ПГ,ВПГ",1
600320171,"ПГ,ВПГ",1
600320472,"ПГ,ВПГ",1
600315927,"ПГ,ВПГ",1
600319856,"ПГ,ВПГ",1
600319242,"ПГ,ВПГ",1
600318262,"ПГ,ВПГ",1
600321750,"ПГ,ВПГ",1
600323560,"ПГ,ВПГ",1
600323658,"ПГ,ВПГ",1
600318945,"ПГ,ВПГ",1
600320144,"ПГ,ВПГ",1
600336158,"ПГ,ВПГ",1
600324808,"ПГ,ВПГ",1
600338839,"ПГ,ВПГ",1
600336672,"ПГ,ВПГ",1
600361970,"ПГ,ВПГ",1
600365025,"ПГ,ВПГ",1
600360539,"ПГ,ВПГ",1
600364637,"ПГ,ВПГ",1
600362288,"ПГ,ВПГ",1
600363283,"ПГ,ВПГ",1
600368248,"ПГ,ВПГ",1
600358373,"ПГ,ВПГ",1
600359050,"ПГ,ВПГ",1
600361679,"ПГ,ВПГ",1
600364878,"ПГ,ВПГ",1
600368301,"ПГ,ВПГ",1
600341461,"ПГ,ВПГ",1
600355192,"ПГ,ВПГ",1
600364456,"ПГ,ВПГ",1
600372738,"ПГ,ВПГ",1
600376098,"ПГ,ВПГ",1
600388701,"ПГ,ВПГ",1
600341138,"ПГ,ВПГ",1
600353054,"ПГ,ВПГ",1
600363150,"ПГ,ВПГ",1
600365383,"ПГ,ВПГ",1
600365939,"ПГ,ВПГ",1
600366775,"ПГ,ВПГ",1
600375109,"ПГ,ВПГ",1
600375275,"ПГ,ВПГ",1
600359822,"ПГ,ВПГ",1
600363518,"ПГ,ВПГ",1
600364894,"ПГ,ВПГ",1
600365048,"ПГ,ВПГ",1
600378959,"ПГ,ВПГ",1
600356928,"ПГ,ВПГ",1
600358527,"ПГ,ВПГ",1
600360994,"ПГ,ВПГ",1
600361171,"ПГ,ВПГ",1
600364034,"ПГ,ВПГ",1
600366951,"ПГ,ВПГ",1
600367506,"ПГ,ВПГ",1
600367991,"ПГ,ВПГ",1
600373556,"ПГ,ВПГ",1
600375215,"ПГ,ВПГ",1
600378998,"ПГ,ВПГ",1
600383421,"ПГ,ВПГ",1
600389022,"ПГ,ВПГ",1
600389524,"ПГ,ВПГ",1
600391586,"ПГ,ВПГ",1
600395158,"ПГ,ВПГ",1
600395218,"ПГ,ВПГ",1
600395545,"ПГ,ВПГ",1
600175881,"ПГ,ВПГ",1
600367238,"ПГ,ВПГ",1
600367462,"ПГ,ВПГ",1
600374175,"ПГ,ВПГ",1
600376093,"ПГ,ВПГ",1
600379072,"ПГ,ВПГ",1
600390965,"ПГ,ВПГ",1
600379058,"ПГ,ВПГ",1
600379181,"ПГ,ВПГ",1
600177960,"ПГ,ВПГ",1
600180923,"ПГ,ВПГ",1
600375228,"ПГ,ВПГ",1
600375327,"ПГ,ВПГ",1
600385171,"ПГ,ВПГ",1
600390801,"ПГ,ВПГ",1
600400282,"ПГ,ВПГ",1
600180294,"ПГ,ВПГ",1
600397304,"ПГ,ВПГ",1
600397709,"ПГ,ВПГ",1
600177057,"ПГ,ВПГ",1
600397711,"ПГ,ВПГ",1
600390419,"ПГ,ВПГ",1
600472139,"ПГ,ВПГ",1
600179604,"ПГ,ВПГ",1
600181006,"ПГ,ВПГ",1
600183396,"ПГ,ВПГ",1
600305440,"ПГ,ВПГ",1
600308239,"ПГ,ВПГ",1
600311341,"ПГ,ВПГ",1
600305857,"ПГ,ВПГ",1
600308711,"ПГ,ВПГ",1
600307003,"ПГ,ВПГ",1
600311073,"ПГ,ВПГ",1
600311098,"ПГ,ВПГ",1
600313116,"ПГ,ВПГ",1
600472073,"ПГ,ВПГ",1
600312065,"ПГ,ВПГ",1
600307620,"ПГ,ВПГ",1
600309435,"ПГ,ВПГ",1
600310527,"ПГ,ВПГ",1
600305410,"ПГ,ВПГ",1
600312652,"ПГ,ВПГ",1
600313170,"ПГ,ВПГ",1
