grp,ct,date,weight
"ОП,ПГ",Приватний сектор,2025-01-01,0.005842626612956416
"ОП,ПГ",Приватний сектор,2025-01-02,0.0055396129499474586
"ОП,ПГ",Приватний сектор,2025-01-03,0.005269748760463346
"ОП,ПГ",Приватний сектор,2025-01-04,0.0054973558623078065
"ОП,ПГ",Приватний сектор,2025-01-05,0.006060895039948693
"ОП,ПГ",Приватний сектор,2025-01-06,0.006412850720547888
"ОП,ПГ",Приватний сектор,2025-01-07,0.005656255817271229
"ОП,ПГ",Приватний сектор,2025-01-08,0.005058798752795709
"ОП,ПГ",Приватний сектор,2025-01-09,0.004713116975029624
"ОП,ПГ",Приватний сектор,2025-01-10,0.004604910344225998
"ОП,ПГ",Приватний сектор,2025-01-11,0.004966240499841231
"ОП,ПГ",Приватний сектор,2025-01-12,0.005244054785991717
"ОП,ПГ",Приватний сектор,2025-01-13,0.005632071898784914
"ОП,ПГ",Приватний сектор,2025-01-14,0.005788028596221767
"ОП,ПГ",Приватний сектор,2025-01-15,0.006210397408990655
"ОП,ПГ",Приватний сектор,2025-01-16,0.006141886955850012
"ОП,ПГ",Приватний сектор,2025-01-17,0.006066350390380173
"ОП,ПГ",Приватний сектор,2025-01-18,0.006040561518779894
"ОП,ПГ",Приватний сектор,2025-01-19,0.005883827077878943
"ОП,ПГ",Приватний сектор,2025-01-20,0.005763661777943689
"ОП,ПГ",Приватний сектор,2025-01-21,0.005804120743442466
"ОП,ПГ",Приватний сектор,2025-01-22,0.0059308448023466746
"ОП,ПГ",Приватний сектор,2025-01-23,0.005937060695170699
"ОП,ПГ",Приватний сектор,2025-01-24,0.0056478623966753445
"ОП,ПГ",Приватний сектор,2025-01-25,0.005518349984983856
"ОП,ПГ",Приватний сектор,2025-01-26,0.005383259182607816
"ОП,ПГ",Приватний сектор,2025-01-27,0.005482681147898679
"ОП,ПГ",Приватний сектор,2025-01-28,0.0053309646373839005
"ОП,ПГ",Приватний сектор,2025-01-29,0.005149772364287986
"ОП,ПГ",Приватний сектор,2025-01-30,0.004950267920191515
"ОП,ПГ",Приватний сектор,2025-01-31,0.004765333733795356
"ОП,ПГ",Приватний сектор,2025-02-01,0.004903119803891222
"ОП,ПГ",Приватний сектор,2025-02-02,0.00506662398322123
"ОП,ПГ",Приватний сектор,2025-02-03,0.005537727086257006
"ОП,ПГ",Приватний сектор,2025-02-04,0.005810770935986627
"ОП,ПГ",Приватний сектор,2025-02-05,0.0059467202167791606
"ОП,ПГ",Приватний сектор,2025-02-06,0.006497415922655989
"ОП,ПГ",Приватний сектор,2025-02-07,0.006907254221772871
"ОП,ПГ",Приватний сектор,2025-02-08,0.007024389323131875
"ОП,ПГ",Приватний сектор,2025-02-09,0.007113500605069813
"ОП,ПГ",Приватний сектор,2025-02-10,0.007254855728664016
"ОП,ПГ",Приватний сектор,2025-02-11,0.007279548705094785
"ОП,ПГ",Приватний сектор,2025-02-12,0.0072381550554249715
"ОП,ПГ",Приватний сектор,2025-02-13,0.007002729945106264
"ОП,ПГ",Приватний сектор,2025-02-14,0.006961529951232448
"ОП,ПГ",Приватний сектор,2025-02-15,0.006996876464538518
"ОП,ПГ",Приватний сектор,2025-02-16,0.007266475936004234
"ОП,ПГ",Приватний сектор,2025-02-17,0.0074347319871332146
"ОП,ПГ",Приватний сектор,2025-02-18,0.007505524080636255
"ОП,ПГ",Приватний сектор,2025-02-19,0.007561980195999651
"ОП,ПГ",Приватний сектор,2025-02-20,0.00758256744542705
"ОП,ПГ",Приватний сектор,2025-02-21,0.0074541321600067635
"ОП,ПГ",Приватний сектор,2025-02-22,0.007772289249036634
"ОП,ПГ",Приватний сектор,2025-02-23,0.00763559239259787
"ОП,ПГ",Приватний сектор,2025-02-24,0.007555947263480568
"ОП,ПГ",Приватний сектор,2025-02-25,0.007637625581294996
"ОП,ПГ",Приватний сектор,2025-02-26,0.007535763844441843
"ОП,ПГ",Приватний сектор,2025-02-27,0.007324762166503705
"ОП,ПГ",Приватний сектор,2025-02-28,0.0071039894215696505
"ОП,ПГ",Приватний сектор,2025-03-01,0.0069139166638080285
"ОП,ПГ",Приватний сектор,2025-03-02,0.0066658534381117355
"ОП,ПГ",Приватний сектор,2025-03-03,0.00647364652462715
"ОП,ПГ",Приватний сектор,2025-03-04,0.006200087695150918
"ОП,ПГ",Приватний сектор,2025-03-05,0.005501269222373931
"ОП,ПГ",Приватний сектор,2025-03-06,0.004765740088743828
"ОП,ПГ",Приватний сектор,2025-03-07,0.004114684374661998
"ОП,ПГ",Приватний сектор,2025-03-08,0.003915217500269252
"ОП,ПГ",Приватний сектор,2025-03-09,0.0036804090302255954
"ОП,ПГ",Приватний сектор,2025-03-10,0.00398916321030893
"ОП,ПГ",Приватний сектор,2025-03-11,0.004012633618126773
"ОП,ПГ",Приватний сектор,2025-03-12,0.0033494169737666914
"ОП,ПГ",Приватний сектор,2025-03-13,0.00317617096049448
"ОП,ПГ",Приватний сектор,2025-03-14,0.0023084433426633355
"ОП,ПГ",Приватний сектор,2025-03-15,0.001977763252722829
"ОП,ПГ",Приватний сектор,2025-03-16,0.002829309844287839
"ОП,ПГ",Приватний сектор,2025-03-17,0.004100783593764851
"ОП,ПГ",Приватний сектор,2025-03-18,0.005065501703619278
"ОП,ПГ",Приватний сектор,2025-03-19,0.0052679201723698195
"ОП,ПГ",Приватний сектор,2025-03-20,0.0046948108481824615
"ОП,ПГ",Приватний сектор,2025-03-21,0.00394437726787464
"ОП,ПГ",Приватний сектор,2025-03-22,0.003792640663181699
"ОП,ПГ",Приватний сектор,2025-03-23,0.004153069395324959
"ОП,ПГ",Приватний сектор,2025-03-24,0.0042160651023225755
"ОП,ПГ",Приватний сектор,2025-03-25,0.003997599859935843
"ОП,ПГ",Приватний сектор,2025-03-26,0.0028042629022740134
"ОП,ПГ",Приватний сектор,2025-03-27,0.0024332078322152548
"ОП,ПГ",Приватний сектор,2025-03-28,0.0019837672290314184
"ОП,ПГ",Приватний сектор,2025-03-29,0.002329023960527846
"ОП,ПГ",Приватний сектор,2025-03-30,0.0029690323975150633
"ОП,ПГ",Приватний сектор,2025-03-31,0.0029406871750444616
"ОП,ПГ",Приватний сектор,2025-04-01,0.002997418798252543
"ОП,ПГ",Приватний сектор,2025-04-02,0.0025152466420904503
"ОП,ПГ",Приватний сектор,2025-04-03,0.003177393513218
"ОП,ПГ",Приватний сектор,2025-04-04,0.0015192631875285325
"ОП,ПГ",Приватний сектор,2025-04-05,0.0022004268949381324
"ОП,ПГ",Приватний сектор,2025-04-06,0.0038083150563551008
"ОП,ПГ",Приватний сектор,2025-04-07,0.004412939065465948
"ОП,ПГ",Приватний сектор,2025-04-08,0.005268848114640612
"ОП,ПГ",Приватний сектор,2025-04-09,0.0058402019912759595
"ОП,ПГ",Приватний сектор,2025-04-10,0.005797804880631488
"ОП,ПГ",Приватний сектор,2025-04-11,0.005414608437273323
"ОП,ПГ",Приватний сектор,2025-04-12,0.00517316147291035
"ОП,ПГ",Приватний сектор,2025-04-13,0.004381607523539125
"ОП,ПГ",Приватний сектор,2025-04-14,0.002895713573461856
"ОП,ПГ",Приватний сектор,2025-04-15,0.0013998803201148754
"ОП,ПГ",Приватний сектор,2025-04-16,0.0008165544964037875
"ОП,ПГ",Приватний сектор,2025-04-17,0.0004933768726482563
"ОП,ПГ",Приватний сектор,2025-04-18,0.00041075322682439843
"ОП,ПГ",Приватний сектор,2025-04-19,0.0005499428102890581
"ОП,ПГ",Приватний сектор,2025-04-20,0.0002253873404841235
"ОП,ПГ",Приватний сектор,2025-04-21,0.0002714097654663441
"ОП,ПГ",Приватний сектор,2025-04-22,0.00028529415029539
"ОП,ПГ",Приватний сектор,2025-04-23,0.0002533392891288033
"ОП,ПГ",Приватний сектор,2025-04-24,0.0002764399819856204
"ОП,ПГ",Приватний сектор,2025-04-25,0.0002646536762975382
"ОП,ПГ",Приватний сектор,2025-04-26,0.00033341839701701
"ОП,ПГ",Приватний сектор,2025-04-27,0.00034118479276299877
"ОП,ПГ",Приватний сектор,2025-04-28,0.0003559135646759996
"ОП,ПГ",Приватний сектор,2025-04-29,0.0003727650185107773
"ОП,ПГ",Приватний сектор,2025-04-30,0.00036652951087512653
"ОП,ПГ",Приватний сектор,2025-05-01,0.0006535087653008958
"ОП,ПГ",Приватний сектор,2025-05-02,0.0007745660340103594
"ОП,ПГ",Приватний сектор,2025-05-03,0.0007592396841480146
"ОП,ПГ",Приватний сектор,2025-05-04,0.0008501327335956019
"ОП,ПГ",Приватний сектор,2025-05-05,0.0007278766753495116
"ОП,ПГ",Приватний сектор,2025-05-06,0.000714884344159938
"ОП,ПГ",Приватний сектор,2025-05-07,0.0008124186326390206
"ОП,ПГ",Приватний сектор,2025-05-08,0.0008230208934667892
"ОП,ПГ",Приватний сектор,2025-05-09,0.0008611244771882642
"ОП,ПГ",Приватний сектор,2025-05-10,0.0008912326378856638
"ОП,ПГ",Приватний сектор,2025-05-11,0.0010506224193627019
"ОП,ПГ",Приватний сектор,2025-05-12,0.0011457102119495383
"ОП,ПГ",Приватний сектор,2025-05-13,0.0011501721562872465
"ОП,ПГ",Приватний сектор,2025-05-14,0.001008818194049205
"ОП,ПГ",Приватний сектор,2025-05-15,0.0009187396448075544
"ОП,ПГ",Приватний сектор,2025-05-16,0.0008081709795570722
"ОП,ПГ",Приватний сектор,2025-05-17,0.0009991121678976642
"ОП,ПГ",Приватний сектор,2025-05-18,0.0010544577298169304
"ОП,ПГ",Приватний сектор,2025-05-19,0.0008604217321741891
"ОП,ПГ",Приватний сектор,2025-05-20,0.0008125519221311102
"ОП,ПГ",Приватний сектор,2025-05-21,0.0008663107487183831
"ОП,ПГ",Приватний сектор,2025-05-22,0.0006391774016804173
"ОП,ПГ",Приватний сектор,2025-05-23,0.0006067737183835127
"ОП,ПГ",Приватний сектор,2025-05-24,0.0006096878004665459
"ОП,ПГ",Приватний сектор,2025-05-25,0.0006636941242485082
"ОП,ПГ",Приватний сектор,2025-05-26,0.0005414519399886907
"ОП,ПГ",Приватний сектор,2025-05-27,0.0006046343721176565
"ОП,ПГ",Приватний сектор,2025-05-28,0.0006674533646076977
"ОП,ПГ",Приватний сектор,2025-05-29,0.0005753763814059542
"ОП,ПГ",Приватний сектор,2025-05-30,0.0005283993290997181
"ОП,ПГ",Приватний сектор,2025-05-31,0.000604544618248657
"ОП,ПГ",Приватний сектор,2025-06-01,0.0006339557972712262
"ОП,ПГ",Приватний сектор,2025-06-02,0.0005630100563563433
"ОП,ПГ",Приватний сектор,2025-06-03,0.0004885113924341522
"ОП,ПГ",Приватний сектор,2025-06-04,0.0005020017969498775
"ОП,ПГ",Приватний сектор,2025-06-05,0.0005254419785698012
"ОП,ПГ",Приватний сектор,2025-06-06,0.0005496652293688593
"ОП,ПГ",Приватний сектор,2025-06-07,0.0005384408054359456
"ОП,ПГ",Приватний сектор,2025-06-08,0.0005660486344479019
"ОП,ПГ",Приватний сектор,2025-06-09,0.0005084940893110661
"ОП,ПГ",Приватний сектор,2025-06-10,0.0004926668661319267
"ОП,ПГ",Приватний сектор,2025-06-11,0.0005193365346642001
"ОП,ПГ",Приватний сектор,2025-06-12,0.0005385331933368084
"ОП,ПГ",Приватний сектор,2025-06-13,0.0005513834590863555
"ОП,ПГ",Приватний сектор,2025-06-14,0.0006301582152905292
"ОП,ПГ",Приватний сектор,2025-06-15,0.0006354874201097228
"ОП,ПГ",Приватний сектор,2025-06-16,0.0005338772578754415
"ОП,ПГ",Приватний сектор,2025-06-17,0.0004956640790057335
"ОП,ПГ",Приватний сектор,2025-06-18,0.0005760169820947326
"ОП,ПГ",Приватний сектор,2025-06-19,0.0005662959450896025
"ОП,ПГ",Приватний сектор,2025-06-20,0.0005516108489804885
"ОП,ПГ",Приватний сектор,2025-06-21,0.000613219353985227
"ОП,ПГ",Приватний сектор,2025-06-22,0.0006042384626737542
"ОП,ПГ",Приватний сектор,2025-06-23,0.0006050924472588816
"ОП,ПГ",Приватний сектор,2025-06-24,0.0004978154585042099
"ОП,ПГ",Приватний сектор,2025-06-25,0.0005565602106956443
"ОП,ПГ",Приватний сектор,2025-06-26,0.0006075494458349192
"ОП,ПГ",Приватний сектор,2025-06-27,0.0005477935683467122
"ОП,ПГ",Приватний сектор,2025-06-28,0.0006002976453078245
"ОП,ПГ",Приватний сектор,2025-06-29,0.0006908824723270403
"ОП,ПГ",Приватний сектор,2025-06-30,0.0005384408054359456
"ОП,ПГ",Приватний сектор,2025-07-01,0.0005434090888233363
"ОП,ПГ",Приватний сектор,2025-07-02,0.0005158649946183476
"ОП,ПГ",Приватний сектор,2025-07-03,0.0005409727738241128
"ОП,ПГ",Приватний сектор,2025-07-04,0.0005059538030144401
"ОП,ПГ",Приватний сектор,2025-07-05,0.0005681492968916461
"ОП,ПГ",Приватний сектор,2025-07-06,0.0006199124620083518
"ОП,ПГ",Приватний сектор,2025-07-07,0.00047151185119487867
"ОП,ПГ",Приватний сектор,2025-07-08,0.0004616213037244625
"ОП,ПГ",Приватний сектор,2025-07-09,0.0004895967814601056
"ОП,ПГ",Приватний сектор,2025-07-10,0.0004445346246042483
"ОП,ПГ",Приватний сектор,2025-07-11,0.00041962298718778717
"ОП,ПГ",Приватний сектор,2025-07-12,0.0005297033693075964
"ОП,ПГ",Приватний сектор,2025-07-13,0.0005752316000524708
"ОП,ПГ",Приватний сектор,2025-07-14,0.0004558867021299413
"ОП,ПГ",Приватний сектор,2025-07-15,0.0004158714886214384
"ОП,ПГ",Приватний сектор,2025-07-16,0.0004840460629442598
"ОП,ПГ",Приватний сектор,2025-07-17,0.00043139009870170775
"ОП,ПГ",Приватний сектор,2025-07-18,0.0004532338282892104
"ОП,ПГ",Приватний сектор,2025-07-19,0.0005484766419104955
"ОП,ПГ",Приватний сектор,2025-07-20,0.0005802870536633038
"ОП,ПГ",Приватний сектор,2025-07-21,0.0004977109011351395
"ОП,ПГ",Приватний сектор,2025-07-22,0.0004388248915567299
"ОП,ПГ",Приватний сектор,2025-07-23,0.000491040809399452
"ОП,ПГ",Приватний сектор,2025-07-24,0.0004538126861839954
"ОП,ПГ",Приватний сектор,2025-07-25,0.00048350954494069464
"ОП,ПГ",Приватний сектор,2025-07-26,0.00047857316473842043
"ОП,ПГ",Приватний сектор,2025-07-27,0.0005177743013810166
"ОП,ПГ",Приватний сектор,2025-07-28,0.00043336849754465576
"ОП,ПГ",Приватний сектор,2025-07-29,0.00047041110767314157
"ОП,ПГ",Приватний сектор,2025-07-30,0.00046392182888159396
"ОП,ПГ",Приватний сектор,2025-07-31,0.0005132483726707048
"ОП,ПГ",Приватний сектор,2025-08-01,0.000568592648760222
"ОП,ПГ",Приватний сектор,2025-08-02,0.0005209662255723709
"ОП,ПГ",Приватний сектор,2025-08-03,0.0005263459820542155
"ОП,ПГ",Приватний сектор,2025-08-04,0.0005891543889104824
"ОП,ПГ",Приватний сектор,2025-08-05,0.0005161557711523349
"ОП,ПГ",Приватний сектор,2025-08-06,0.00046683128932167764
"ОП,ПГ",Приватний сектор,2025-08-07,0.0005049818049209106
"ОП,ПГ",Приватний сектор,2025-08-08,0.0005133401447120498
"ОП,ПГ",Приватний сектор,2025-08-09,0.0005446365042086239
"ОП,ПГ",Приватний сектор,2025-08-10,0.0005782926932677197
"ОП,ПГ",Приватний сектор,2025-08-11,0.0005650839364955798
"ОП,ПГ",Приватний сектор,2025-08-12,0.0005592769721162776
"ОП,ПГ",Приватний сектор,2025-08-13,0.0005576512948332605
"ОП,ПГ",Приватний сектор,2025-08-14,0.0005883904703190041
"ОП,ПГ",Приватний сектор,2025-08-15,0.0005777635446397031
"ОП,ПГ",Приватний сектор,2025-08-16,0.0006925861128244173
"ОП,ПГ",Приватний сектор,2025-08-17,0.0006122927746148503
"ОП,ПГ",Приватний сектор,2025-08-18,0.0005693298022565284
"ОП,ПГ",Приватний сектор,2025-08-19,0.0004921824997533112
"ОП,ПГ",Приватний сектор,2025-08-20,0.0005255030817150245
"ОП,ПГ",Приватний сектор,2025-08-21,0.0005767627384159835
"ОП,ПГ",Приватний сектор,2025-08-22,0.0005102320995213691
"ОП,ПГ",Приватний сектор,2025-08-23,0.0006372337797609345
"ОП,ПГ",Приватний сектор,2025-08-24,0.0006159653813728834
"ОП,ПГ",Приватний сектор,2025-08-25,0.0006357357288480269
"ОП,ПГ",Приватний сектор,2025-08-26,0.000521665740617652
"ОП,ПГ",Приватний сектор,2025-08-27,0.0005145607541374088
"ОП,ПГ",Приватний сектор,2025-08-28,0.0005762797345189633
"ОП,ПГ",Приватний сектор,2025-08-29,0.0005200803762907328
"ОП,ПГ",Приватний сектор,2025-08-30,0.0005978025339317332
"ОП,ПГ",Приватний сектор,2025-08-31,0.0005285389735400646
"ОП,ПГ",Приватний сектор,2025-09-01,0.0005549086907742391
"ОП,ПГ",Приватний сектор,2025-09-02,0.0005392649992317931
"ОП,ПГ",Приватний сектор,2025-09-03,0.0005396070620979909
"ОП,ПГ",Приватний сектор,2025-09-04,0.0005608740483421434
"ОП,ПГ",Приватний сектор,2025-09-05,0.0004968167644308782
"ОП,ПГ",Приватний сектор,2025-09-06,0.0005924885296492162
"ОП,ПГ",Приватний сектор,2025-09-07,0.0006504027961121147
"ОП,ПГ",Приватний сектор,2025-09-08,0.0005883538931664346
"ОП,ПГ",Приватний сектор,2025-09-09,0.0005674069728908396
"ОП,ПГ",Приватний сектор,2025-09-10,0.0006325371075537263
"ОП,ПГ",Приватний сектор,2025-09-11,0.000541150723508062
"ОП,ПГ",Приватний сектор,2025-09-12,0.0005531246349288646
"ОП,ПГ",Приватний сектор,2025-09-13,0.0006536048929835026
"ОП,ПГ",Приватний сектор,2025-09-14,0.0005827777022394514
"ОП,ПГ",Приватний сектор,2025-09-15,0.0006080271685910173
"ОП,ПГ",Приватний сектор,2025-09-16,0.0006069643308612727
"ОП,ПГ",Приватний сектор,2025-09-17,0.0005995339827462571
"ОП,ПГ",Приватний сектор,2025-09-18,0.0006077679069990262
"ОП,ПГ",Приватний сектор,2025-09-19,0.0005359741135519354
"ОП,ПГ",Приватний сектор,2025-09-20,0.0006390970155273056
"ОП,ПГ",Приватний сектор,2025-09-21,0.0006679661361361495
"ОП,ПГ",Приватний сектор,2025-09-22,0.0006096763092329447
"ОП,ПГ",Приватний сектор,2025-09-23,0.0005928810826985916
"ОП,ПГ",Приватний сектор,2025-09-24,0.0004994881154082858
"ОП,ПГ",Приватний сектор,2025-09-25,0.0007041916072104452
"ОП,ПГ",Приватний сектор,2025-09-26,0.0007741058338461987
"ОП,ПГ",Приватний сектор,2025-09-27,0.0010368531723834698
"ОП,ПГ",Приватний сектор,2025-09-28,0.0009272957503617467
"ОП,ПГ",Приватний сектор,2025-09-29,0.0009893357541662135
"ОП,ПГ",Приватний сектор,2025-09-30,0.0013454713895237273
"ОП,ПГ",Приватний сектор,2025-10-01,0.0007830913154997567
"ОП,ПГ",Приватний сектор,2025-10-02,0.0006724516683490079
"ОП,ПГ",Приватний сектор,2025-10-03,0.0004924572084776873
"ОП,ПГ",Приватний сектор,2025-10-04,0.0005061105201836196
"ОП,ПГ",Приватний сектор,2025-10-05,0.0004109748293616373
"ОП,ПГ",Приватний сектор,2025-10-06,0.00040015057057818815
"ОП,ПГ",Приватний сектор,2025-10-07,0.0004154762108666884
"ОП,ПГ",Приватний сектор,2025-10-08,0.00045962354943631837
"ОП,ПГ",Приватний сектор,2025-10-09,0.0003971371721718435
"ОП,ПГ",Приватний сектор,2025-10-10,0.0004763917696113273
"ОП,ПГ",Приватний сектор,2025-10-11,0.0006331639379522358
"ОП,ПГ",Приватний сектор,2025-10-12,0.0007769955824621083
"ОП,ПГ",Приватний сектор,2025-10-13,0.0009597920969326237
"ОП,ПГ",Приватний сектор,2025-10-14,0.002380715732015823
"ОП,ПГ",Приватний сектор,2025-10-15,0.0029383531906630963
"ОП,ПГ",Приватний сектор,2025-10-16,0.003170249145901668
"ОП,ПГ",Приватний сектор,2025-10-17,0.003315633600225391
"ОП,ПГ",Приватний сектор,2025-10-18,0.0033894925597215326
"ОП,ПГ",Приватний сектор,2025-10-19,0.004129981041712037
"ОП,ПГ",Приватний сектор,2025-10-20,0.004737883213019806
"ОП,ПГ",Приватний сектор,2025-10-21,0.004646006987661946
"ОП,ПГ",Приватний сектор,2025-10-22,0.004443588728550568
"ОП,ПГ",Приватний сектор,2025-10-23,0.0035114140559395278
"ОП,ПГ",Приватний сектор,2025-10-24,0.0029617027617078
"ОП,ПГ",Приватний сектор,2025-10-25,0.003309202658414463
"ОП,ПГ",Приватний сектор,2025-10-26,0.0036350014045799395
"ОП,ПГ",Приватний сектор,2025-10-27,0.003789199620544506
"ОП,ПГ",Приватний сектор,2025-10-28,0.0044357849429237225
"ОП,ПГ",Приватний сектор,2025-10-29,0.004210326283695724
"ОП,ПГ",Приватний сектор,2025-10-30,0.0042083517615837136
"ОП,ПГ",Приватний сектор,2025-10-31,0.0038706818867126043
"ОП,ПГ",Приватний сектор,2025-11-01,0.002944795689529695
"ОП,ПГ",Приватний сектор,2025-11-02,0.0031183096743368447
"ОП,ПГ",Приватний сектор,2025-11-03,0.0033772079605664334
"ОП,ПГ",Приватний сектор,2025-11-04,0.0036121078978591805
"ОП,ПГ",Приватний сектор,2025-11-05,0.0033967943540503917
"ОП,ПГ",Приватний сектор,2025-11-06,0.003485623983047945
"ОП,ПГ",Приватний сектор,2025-11-07,0.003384980201823572
"ОП,ПГ",Приватний сектор,2025-11-08,0.0033410369592252417
"ОП,ПГ",Приватний сектор,2025-11-09,0.003572869312034073
"ОП,ПГ",Приватний сектор,2025-11-10,0.003347214408116131
"ОП,ПГ",Приватний сектор,2025-11-11,0.0030690039911546786
"ОП,ПГ",Приватний сектор,2025-11-12,0.0031422372752778743
"ОП,ПГ",Приватний сектор,2025-11-13,0.00349786689290137
"ОП,ПГ",Приватний сектор,2025-11-14,0.003677608706067172
"ОП,ПГ",Приватний сектор,2025-11-15,0.0037089977635986903
"ОП,ПГ",Приватний сектор,2025-11-16,0.0036850806820975164
"ОП,ПГ",Приватний сектор,2025-11-17,0.0034298301620714067
"ОП,ПГ",Приватний сектор,2025-11-18,0.00306113401200397
"ОП,ПГ",Приватний сектор,2025-11-19,0.003667009039078151
"ОП,ПГ",Приватний сектор,2025-11-20,0.003776918104227963
"ОП,ПГ",Приватний сектор,2025-11-21,0.0035454710388981158
"ОП,ПГ",Приватний сектор,2025-11-22,0.0033679645424485416
"ОП,ПГ",Приватний сектор,2025-11-23,0.0032614587373872113
"ОП,ПГ",Приватний сектор,2025-11-24,0.003521035684393639
"ОП,ПГ",Приватний сектор,2025-11-25,0.0037161096504308303
"ОП,ПГ",Приватний сектор,2025-11-26,0.003887622421582114
"ОП,ПГ",Приватний сектор,2025-11-27,0.00365632537272427
"ОП,ПГ",Приватний сектор,2025-11-28,0.0035933016292627666
"ОП,ПГ",Приватний сектор,2025-11-29,0.004108215353812265
"ОП,ПГ",Приватний сектор,2025-11-30,0.0043916377942870176
"ОП,ПГ",Приватний сектор,2025-12-01,0.004361838888234019
"ОП,ПГ",Приватний сектор,2025-12-02,0.0042301178848714255
"ОП,ПГ",Приватний сектор,2025-12-03,0.004290887451753073
"ОП,ПГ",Приватний сектор,2025-12-04,0.004580247859287984
"ОП,ПГ",Приватний сектор,2025-12-05,0.0048208319588580765
"ОП,ПГ",Приватний сектор,2025-12-06,0.004926799796207775
"ОП,ПГ",Приватний сектор,2025-12-07,0.005140797517207501
"ОП,ПГ",Приватний сектор,2025-12-08,0.005198314935875901
"ОП,ПГ",Приватний сектор,2025-12-09,0.005233738276182544
"ОП,ПГ",Приватний сектор,2025-12-10,0.005413968355352388
"ОП,ПГ",Приватний сектор,2025-12-11,0.005163477525553891
"ОП,ПГ",Приватний сектор,2025-12-12,0.004948866515059834
"ОП,ПГ",Приватний сектор,2025-12-13,0.0054755257229611165
"ОП,ПГ",Приватний сектор,2025-12-14,0.005813409174032059
"ОП,ПГ",Приватний сектор,2025-12-15,0.005826597788588119
"ОП,ПГ",Приватний сектор,2025-12-16,0.005761679483065601
"ОП,ПГ",Приватний сектор,2025-12-17,0.005637353037290806
"ОП,ПГ",Приватний сектор,2025-12-18,0.005406620794130247
"ОП,ПГ",Приватний сектор,2025-12-19,0.005326007430039012
"ОП,ПГ",Приватний сектор,2025-12-20,0.005511863991712983
"ОП,ПГ",Приватний сектор,2025-12-21,0.005545929589916079
"ОП,ПГ",Приватний сектор,2025-12-22,0.005401427114212734
"ОП,ПГ",Приватний сектор,2025-12-23,0.005659515829441557
"ОП,ПГ",Приватний сектор,2025-12-24,0.0060628679261421755
"ОП,ПГ",Приватний сектор,2025-12-25,0.006384127411303801
"ОП,ПГ",Приватний сектор,2025-12-26,0.006732083040383451
"ОП,ПГ",Приватний сектор,2025-12-27,0.006490031389812284
"ОП,ПГ",Приватний сектор,2025-12-28,0.006564083396589611
"ОП,ПГ",Приватний сектор,2025-12-29,0.006523372381736657
"ОП,ПГ",Приватний сектор,2025-12-30,0.006698599564144198
"ОП,ПГ",Приватний сектор,2025-12-31,0.007050810954951676
"ОП,ПГ",Багатоквартирний сектор,2025-01-01,0.005681065540054326
"ОП,ПГ",Багатоквартирний сектор,2025-01-02,0.005349963128308737
"ОП,ПГ",Багатоквартирний сектор,2025-01-03,0.005285447719332551
"ОП,ПГ",Багатоквартирний сектор,2025-01-04,0.0055815463428945545
"ОП,ПГ",Багатоквартирний сектор,2025-01-05,0.005713997534413568
"ОП,ПГ",Багатоквартирний сектор,2025-01-06,0.006088393441601481
"ОП,ПГ",Багатоквартирний сектор,2025-01-07,0.0054710782381914335
"ОП,ПГ",Багатоквартирний сектор,2025-01-08,0.004702143804361166
"ОП,ПГ",Багатоквартирний сектор,2025-01-09,0.0047369335532129195
"ОП,ПГ",Багатоквартирний сектор,2025-01-10,0.004618923418952727
"ОП,ПГ",Багатоквартирний сектор,2025-01-11,0.005129476283054753
"ОП,ПГ",Багатоквартирний сектор,2025-01-12,0.005699534582715274
"ОП,ПГ",Багатоквартирний сектор,2025-01-13,0.005662628738146397
"ОП,ПГ",Багатоквартирний сектор,2025-01-14,0.0054640101422829745
"ОП,ПГ",Багатоквартирний сектор,2025-01-15,0.006235597393020929
"ОП,ПГ",Багатоквартирний сектор,2025-01-16,0.006223346710519906
"ОП,ПГ",Багатоквартирний сектор,2025-01-17,0.005821091803365525
"ОП,ПГ",Багатоквартирний сектор,2025-01-18,0.005901106810971923
"ОП,ПГ",Багатоквартирний сектор,2025-01-19,0.006166355672554642
"ОП,ПГ",Багатоквартирний сектор,2025-01-20,0.00584494331124388
"ОП,ПГ",Багатоквартирний сектор,2025-01-21,0.005785422503593739
"ОП,ПГ",Багатоквартирний сектор,2025-01-22,0.006198845345517858
"ОП,ПГ",Багатоквартирний сектор,2025-01-23,0.006932023185335154
"ОП,ПГ",Багатоквартирний сектор,2025-01-24,0.005586311220466686
"ОП,ПГ",Багатоквартирний сектор,2025-01-25,0.006756978702711925
"ОП,ПГ",Багатоквартирний сектор,2025-01-26,0.0062333519909058485
"ОП,ПГ",Багатоквартирний сектор,2025-01-27,0.0059710917647424035
"ОП,ПГ",Багатоквартирний сектор,2025-01-28,0.005601103863596357
"ОП,ПГ",Багатоквартирний сектор,2025-01-29,0.00530099425392393
"ОП,ПГ",Багатоквартирний сектор,2025-01-30,0.005122231591760523
"ОП,ПГ",Багатоквартирний сектор,2025-01-31,0.0049609777077567726
"ОП,ПГ",Багатоквартирний сектор,2025-02-01,0.004228060893139882
"ОП,ПГ",Багатоквартирний сектор,2025-02-02,0.0048555935136033145
"ОП,ПГ",Багатоквартирний сектор,2025-02-03,0.0059059228572701
"ОП,ПГ",Багатоквартирний сектор,2025-02-04,0.006092220665250876
"ОП,ПГ",Багатоквартирний сектор,2025-02-05,0.00609995728379232
"ОП,ПГ",Багатоквартирний сектор,2025-02-06,0.006889294915089788
"ОП,ПГ",Багатоквартирний сектор,2025-02-07,0.00732585791490666
"ОП,ПГ",Багатоквартирний сектор,2025-02-08,0.007131871023078914
"ОП,ПГ",Багатоквартирний сектор,2025-02-09,0.007130175576529911
"ОП,ПГ",Багатоквартирний сектор,2025-02-10,0.007245980959448177
"ОП,ПГ",Багатоквартирний сектор,2025-02-11,0.007953620174055013
"ОП,ПГ",Багатоквартирний сектор,2025-02-12,0.007120460029441987
"ОП,ПГ",Багатоквартирний сектор,2025-02-13,0.007284372808966171
"ОП,ПГ",Багатоквартирний сектор,2025-02-14,0.006727552248912752
"ОП,ПГ",Багатоквартирний сектор,2025-02-15,0.0071191950059645934
"ОП,ПГ",Багатоквартирний сектор,2025-02-16,0.007668187724014447
"ОП,ПГ",Багатоквартирний сектор,2025-02-17,0.00759209198432524
"ОП,ПГ",Багатоквартирний сектор,2025-02-18,0.007527458086659143
"ОП,ПГ",Багатоквартирний сектор,2025-02-19,0.007214993074501533
"ОП,ПГ",Багатоквартирний сектор,2025-02-20,0.008071107837362304
"ОП,ПГ",Багатоквартирний сектор,2025-02-21,0.00756548878128211
"ОП,ПГ",Багатоквартирний сектор,2025-02-22,0.0077024207049252265
"ОП,ПГ",Багатоквартирний сектор,2025-02-23,0.007159942977686242
"ОП,ПГ",Багатоквартирний сектор,2025-02-24,0.008149445913933276
"ОП,ПГ",Багатоквартирний сектор,2025-02-25,0.00825969484473485
"ОП,ПГ",Багатоквартирний сектор,2025-02-26,0.007776424654802148
"ОП,ПГ",Багатоквартирний сектор,2025-02-27,0.007737122757573558
"ОП,ПГ",Багатоквартирний сектор,2025-02-28,0.007170230252079471
"ОП,ПГ",Багатоквартирний сектор,2025-03-01,0.007217613824887019
"ОП,ПГ",Багатоквартирний сектор,2025-03-02,0.006928976032672972
"ОП,ПГ",Багатоквартирний сектор,2025-03-03,0.006364231904618121
"ОП,ПГ",Багатоквартирний сектор,2025-03-04,0.005603999424544284
"ОП,ПГ",Багатоквартирний сектор,2025-03-05,0.0060975608428276065
"ОП,ПГ",Багатоквартирний сектор,2025-03-06,0.004770076477164719
"ОП,ПГ",Багатоквартирний сектор,2025-03-07,0.0038851390730873427
"ОП,ПГ",Багатоквартирний сектор,2025-03-08,0.003213516888307823
"ОП,ПГ",Багатоквартирний сектор,2025-03-09,0.0035036844920767404
"ОП,ПГ",Багатоквартирний сектор,2025-03-10,0.0039121290614591315
"ОП,ПГ",Багатоквартирний сектор,2025-03-11,0.0038872461207372995
"ОП,ПГ",Багатоквартирний сектор,2025-03-12,0.001964644190368031
"ОП,ПГ",Багатоквартирний сектор,2025-03-13,0.002761884203825278
"ОП,ПГ",Багатоквартирний сектор,2025-03-14,0.0020395123658222647
"ОП,ПГ",Багатоквартирний сектор,2025-03-15,0.0019076255631787474
"ОП,ПГ",Багатоквартирний сектор,2025-03-16,0.0026745870189475007
"ОП,ПГ",Багатоквартирний сектор,2025-03-17,0.00398505315814535
"ОП,ПГ",Багатоквартирний сектор,2025-03-18,0.004567682616741576
"ОП,ПГ",Багатоквартирний сектор,2025-03-19,0.0046509911135654575
"ОП,ПГ",Багатоквартирний сектор,2025-03-20,0.0042873333721755655
"ОП,ПГ",Багатоквартирний сектор,2025-03-21,0.003748744183829333
"ОП,ПГ",Багатоквартирний сектор,2025-03-22,0.003266230278353309
"ОП,ПГ",Багатоквартирний сектор,2025-03-23,0.003301581056320663
"ОП,ПГ",Багатоквартирний сектор,2025-03-24,0.004076794679791943
"ОП,ПГ",Багатоквартирний сектор,2025-03-25,0.003909373720085574
"ОП,ПГ",Багатоквартирний сектор,2025-03-26,0.0017919765601740441
"ОП,ПГ",Багатоквартирний сектор,2025-03-27,0.002195955539056889
"ОП,ПГ",Багатоквартирний сектор,2025-03-28,0.001736550614568
"ОП,ПГ",Багатоквартирний сектор,2025-03-29,0.002266105534782808
"ОП,ПГ",Багатоквартирний сектор,2025-03-30,0.002552209040247881
"ОП,ПГ",Багатоквартирний сектор,2025-03-31,0.002352153213383111
"ОП,ПГ",Багатоквартирний сектор,2025-04-01,0.0032577142490953716
"ОП,ПГ",Багатоквартирний сектор,2025-04-02,0.00285330457126955
"ОП,ПГ",Багатоквартирний сектор,2025-04-03,0.002628447792643853
"ОП,ПГ",Багатоквартирний сектор,2025-04-04,0.0023494145210120696
"ОП,ПГ",Багатоквартирний сектор,2025-04-05,0.0019755091703481708
"ОП,ПГ",Багатоквартирний сектор,2025-04-06,0.00357848916347898
"ОП,ПГ",Багатоквартирний сектор,2025-04-07,0.004722481586184498
"ОП,ПГ",Багатоквартирний сектор,2025-04-08,0.0063353239529907865
"ОП,ПГ",Багатоквартирний сектор,2025-04-09,0.0069878807423639664
"ОП,ПГ",Багатоквартирний сектор,2025-04-10,0.006029097044812621
"ОП,ПГ",Багатоквартирний сектор,2025-04-11,0.006288050621400316
"ОП,ПГ",Багатоквартирний сектор,2025-04-12,0.0061405328107948486
"ОП,ПГ",Багатоквартирний сектор,2025-04-13,0.004102666764951185
"ОП,ПГ",Багатоквартирний сектор,2025-04-14,0.0029908687620553882
"ОП,ПГ",Багатоквартирний сектор,2025-04-15,0.0009830774283400348
"ОП,ПГ",Багатоквартирний сектор,2025-04-16,0.001507842116678305
"ОП,ПГ",Багатоквартирний сектор,2025-04-17,0.000510207724489517
"ОП,ПГ",Багатоквартирний сектор,2025-04-18,0.00039336975018369324
"ОП,ПГ",Багатоквартирний сектор,2025-04-19,0.00031561931659880983
"ОП,ПГ",Багатоквартирний сектор,2025-04-20,0.0001287027904964977
"ОП,ПГ",Багатоквартирний сектор,2025-04-21,0.0002461783047638049
"ОП,ПГ",Багатоквартирний сектор,2025-04-22,9.231686428642683e-05
"ОП,ПГ",Багатоквартирний сектор,2025-04-23,0.00019310256337085505
"ОП,ПГ",Багатоквартирний сектор,2025-04-24,0.00032395155897480617
"ОП,ПГ",Багатоквартирний сектор,2025-04-25,0.000209287546330835
"ОП,ПГ",Багатоквартирний сектор,2025-04-26,0.0003616864949496613
"ОП,ПГ",Багатоквартирний сектор,2025-04-27,0.0005231288976230854
"ОП,ПГ",Багатоквартирний сектор,2025-04-28,0.00044798244295821333
"ОП,ПГ",Багатоквартирний сектор,2025-04-29,0.00016924758452511584
"ОП,ПГ",Багатоквартирний сектор,2025-04-30,0.00023719255250827972
"ОП,ПГ",Багатоквартирний сектор,2025-05-01,0.000619374692024725
"ОП,ПГ",Багатоквартирний сектор,2025-05-02,0.0005821779034261388
"ОП,ПГ",Багатоквартирний сектор,2025-05-03,0.000642096358966071
"ОП,ПГ",Багатоквартирний сектор,2025-05-04,0.0010463792516484122
"ОП,ПГ",Багатоквартирний сектор,2025-05-05,0.0006740656612735427
"ОП,ПГ",Багатоквартирний сектор,2025-05-06,0.0006374042121340451
"ОП,ПГ",Багатоквартирний сектор,2025-05-07,0.0010526495763662656
"ОП,ПГ",Багатоквартирний сектор,2025-05-08,0.0011271057695597677
"ОП,ПГ",Багатоквартирний сектор,2025-05-09,0.0010120236665702939
"ОП,ПГ",Багатоквартирний сектор,2025-05-10,0.0010020602470925313
"ОП,ПГ",Багатоквартирний сектор,2025-05-11,0.0010357818447178234
"ОП,ПГ",Багатоквартирний сектор,2025-05-12,0.0008088787935282511
"ОП,ПГ",Багатоквартирний сектор,2025-05-13,0.0010639505377839226
"ОП,ПГ",Багатоквартирний сектор,2025-05-14,0.0011101942224994088
"ОП,ПГ",Багатоквартирний сектор,2025-05-15,0.0010733549668991344
"ОП,ПГ",Багатоквартирний сектор,2025-05-16,0.0008150490647965942
"ОП,ПГ",Багатоквартирний сектор,2025-05-17,0.0013548821388040858
"ОП,ПГ",Багатоквартирний сектор,2025-05-18,0.0007967552651675565
"ОП,ПГ",Багатоквартирний сектор,2025-05-19,0.0006403956937687525
"ОП,ПГ",Багатоквартирний сектор,2025-05-20,0.0005529234984241729
"ОП,ПГ",Багатоквартирний сектор,2025-05-21,0.0007466817161037459
"ОП,ПГ",Багатоквартирний сектор,2025-05-22,0.0005821779034261388
"ОП,ПГ",Багатоквартирний сектор,2025-05-23,0.000697947356255375
"ОП,ПГ",Багатоквартирний сектор,2025-05-24,0.0008097304433586659
"ОП,ПГ",Багатоквартирний сектор,2025-05-25,0.0008799098252498012
"ОП,ПГ",Багатоквартирний сектор,2025-05-26,0.000568382408138119
"ОП,ПГ",Багатоквартирний сектор,2025-05-27,0.0007514038463731786
"ОП,ПГ",Багатоквартирний сектор,2025-05-28,0.0004212472246167817
"ОП,ПГ",Багатоквартирний сектор,2025-05-29,0.0005239601130835247
"ОП,ПГ",Багатоквартирний сектор,2025-05-30,0.0005088459093749194
"ОП,ПГ",Багатоквартирний сектор,2025-05-31,0.0010407971735043253
"ОП,ПГ",Багатоквартирний сектор,2025-06-01,0.0007542523014107485
"ОП,ПГ",Багатоквартирний сектор,2025-06-02,0.0004501153435536543
"ОП,ПГ",Багатоквартирний сектор,2025-06-03,0.000582119266101818
"ОП,ПГ",Багатоквартирний сектор,2025-06-04,0.0006831591639975662
"ОП,ПГ",Багатоквартирний сектор,2025-06-05,0.0005496305076865892
"ОП,ПГ",Багатоквартирний сектор,2025-06-06,0.000582119266101818
"ОП,ПГ",Багатоквартирний сектор,2025-06-07,0.0005537745624905379
"ОП,ПГ",Багатоквартирний сектор,2025-06-08,0.0007272725234629188
"ОП,ПГ",Багатоквартирний сектор,2025-06-09,0.0005855649977121995
"ОП,ПГ",Багатоквартирний сектор,2025-06-10,0.0006144592253296968
"ОП,ПГ",Багатоквартирний сектор,2025-06-11,0.0007786432192226683
"ОП,ПГ",Багатоквартирний сектор,2025-06-12,0.0007786432192226683
"ОП,ПГ",Багатоквартирний сектор,2025-06-13,0.0005431583431834938
"ОП,ПГ",Багатоквартирний сектор,2025-06-14,0.0006753513530836822
"ОП,ПГ",Багатоквартирний сектор,2025-06-15,0.0008860392999848604
"ОП,ПГ",Багатоквартирний сектор,2025-06-16,0.0011221622865267866
"ОП,ПГ",Багатоквартирний сектор,2025-06-17,0.00035366205564929976
"ОП,ПГ",Багатоквартирний сектор,2025-06-18,0.0005267292365329814
"ОП,ПГ",Багатоквартирний сектор,2025-06-19,0.0004205096850452855
"ОП,ПГ",Багатоквартирний сектор,2025-06-20,0.00048226643952177246
"ОП,ПГ",Багатоквартирний сектор,2025-06-21,0.0005267292365329814
"ОП,ПГ",Багатоквартирний сектор,2025-06-22,0.0009645328790435449
"ОП,ПГ",Багатоквартирний сектор,2025-06-23,0.0005572932102441887
"ОП,ПГ",Багатоквартирний сектор,2025-06-24,0.0005465686314580087
"ОП,ПГ",Багатоквартирний сектор,2025-06-25,0.00045212048212629074
"ОП,ПГ",Багатоквартирний сектор,2025-06-26,0.0003918377511761188
"ОП,ПГ",Багатоквартирний сектор,2025-06-27,0.000542544578551549
"ОП,ПГ",Багатоквартирний сектор,2025-06-28,0.00048226643952177246
"ОП,ПГ",Багатоквартирний сектор,2025-06-29,0.0008059768963367972
"ОП,ПГ",Багатоквартирний сектор,2025-06-30,0.0007085703103514379
"ОП,ПГ",Багатоквартирний сектор,2025-07-01,0.0006350604386990553
"ОП,ПГ",Багатоквартирний сектор,2025-07-02,0.00042394086110253355
"ОП,ПГ",Багатоквартирний сектор,2025-07-03,0.0009655535168601367
"ОП,ПГ",Багатоквартирний сектор,2025-07-04,0.0006724169350931172
"ОП,ПГ",Багатоквартирний сектор,2025-07-05,0.0005432403986531623
"ОП,ПГ",Багатоквартирний сектор,2025-07-06,0.0011075833929399018
"ОП,ПГ",Багатоквартирний сектор,2025-07-07,0.0005537916964699509
"ОП,ПГ",Багатоквартирний сектор,2025-07-08,0.0003445894473927267
"ОП,ПГ",Багатоквартирний сектор,2025-07-09,0.0006591189334076344
"ОП,ПГ",Багатоквартирний сектор,2025-07-10,0.0006230156585286947
"ОП,ПГ",Багатоквартирний сектор,2025-07-11,0.0004470664136742653
"ОП,ПГ",Багатоквартирний сектор,2025-07-12,0.0006783053777640536
"ОП,ПГ",Багатоквартирний сектор,2025-07-13,0.0003445894473927267
"ОП,ПГ",Багатоквартирний сектор,2025-07-14,0.00030976764444906585
"ОП,ПГ",Багатоквартирний сектор,2025-07-15,0.00034204025100384287
"ОП,ПГ",Багатоквартирний сектор,2025-07-16,0.00031150782926434733
"ОП,ПГ",Багатоквартирний сектор,2025-07-17,0.00042076838934048495
"ОП,ПГ",Багатоквартирний сектор,2025-07-18,0.00044978635039234614
"ОП,ПГ",Багатоквартирний сектор,2025-07-19,0.0003362084675465586
"ОП,ПГ",Багатоквартирний сектор,2025-07-20,0.00044304357521922003
"ОП,ПГ",Багатоквартирний сектор,2025-07-21,0.000344675798379537
"ОП,ПГ",Багатоквартирний сектор,2025-07-22,0.0004153437723524631
"ОП,ПГ",Багатоквартирний сектор,2025-07-23,0.0006814888177879448
"ОП,ПГ",Багатоквартирний сектор,2025-07-24,0.0006230156585286947
"ОП,ПГ",Багатоквартирний сектор,2025-07-25,0.0004061177776123062
"ОП,ПГ",Багатоквартирний сектор,2025-07-26,0.00043084474797442117
"ОП,ПГ",Багатоквартирний сектор,2025-07-27,0.0004996624623418258
"ОП,ПГ",Багатоквартирний сектор,2025-07-28,0.0005834804281830261
"ОП,ПГ",Багатоквартирний сектор,2025-07-29,0.00042252031006357054
"ОП,ПГ",Багатоквартирний сектор,2025-07-30,0.0003362084675465586
"ОП,ПГ",Багатоквартирний сектор,2025-07-31,0.0004922706391324668
"ОП,ПГ",Багатоквартирний сектор,2025-08-01,0.0005344055912822881
"ОП,ПГ",Багатоквартирний сектор,2025-08-02,0.0005654516136895328
"ОП,ПГ",Багатоквартирний сектор,2025-08-03,0.0010433632972654196
"ОП,ПГ",Багатоквартирний сектор,2025-08-04,0.0008326833026153154
"ОП,ПГ",Багатоквартирний сектор,2025-08-05,0.0006081682991570205
"ОП,ПГ",Багатоквартирний сектор,2025-08-06,0.0006984990522047169
"ОП,ПГ",Багатоквартирний сектор,2025-08-07,0.0003735756729946283
"ОП,ПГ",Багатоквартирний сектор,2025-08-08,0.0003562703941881922
"ОП,ПГ",Багатоквартирний сектор,2025-08-09,0.0005443612324571614
"ОП,ПГ",Багатоквартирний сектор,2025-08-10,0.0003735756729946283
"ОП,ПГ",Багатоквартирний сектор,2025-08-11,0.000798284631091105
"ОП,ПГ",Багатоквартирний сектор,2025-08-12,0.00047015461434367855
"ОП,ПГ",Багатоквартирний сектор,2025-08-13,0.00032696062670809433
"ОП,ПГ",Багатоквартирний сектор,2025-08-14,0.0003735756729946283
"ОП,ПГ",Багатоквартирний сектор,2025-08-15,0.0003735756729946283
"ОП,ПГ",Багатоквартирний сектор,2025-08-16,0.00018963060063389563
"ОП,ПГ",Багатоквартирний сектор,2025-08-17,0.0008849428029581798
"ОП,ПГ",Багатоквартирний сектор,2025-08-18,0.00032172138638088434
"ОП,ПГ",Багатоквартирний сектор,2025-08-19,0.0007559786384024863
"ОП,ПГ",Багатоквартирний сектор,2025-08-20,0.0006128834530708794
"ОП,ПГ",Багатоквартирний сектор,2025-08-21,0.0007585224025355825
"ОП,ПГ",Багатоквартирний сектор,2025-08-22,0.00038410629420443403
"ОП,ПГ",Багатоквартирний сектор,2025-08-23,0.0010898687556936475
"ОП,ПГ",Багатоквартирний сектор,2025-08-24,0.000700438232081005
"ОП,ПГ",Багатоквартирний сектор,2025-08-25,0.0006539212534161887
"ОП,ПГ",Багатоквартирний сектор,2025-08-26,0.00047581903006589454
"ОП,ПГ",Багатоквартирний сектор,2025-08-27,0.0008718950045549182
"ОП,ПГ",Багатоквартирний сектор,2025-08-28,0.0006142326437020201
"ОП,ПГ",Багатоквартирний сектор,2025-08-29,0.0006721860148577595
"ОП,ПГ",Багатоквартирний сектор,2025-08-30,0.0005449343778468238
"ОП,ПГ",Багатоквартирний сектор,2025-08-31,0.000861950126296744
"ОП,ПГ",Багатоквартирний сектор,2025-09-01,0.0004238844698416904
"ОП,ПГ",Багатоквартирний сектор,2025-09-02,0.00038332931259484916
"ОП,ПГ",Багатоквартирний сектор,2025-09-03,0.0005383615435685129
"ОП,ПГ",Багатоквартирний сектор,2025-09-04,0.0004894195850622844
"ОП,ПГ",Багатоквартирний сектор,2025-09-05,0.0005991099043923965
"ОП,ПГ",Багатоквартирний сектор,2025-09-06,0.0006117744813278555
"ОП,ПГ",Багатоквартирний сектор,2025-09-07,0.0006917919768622702
"ОП,ПГ",Багатоквартирний сектор,2025-09-08,0.0004466125204407189
"ОП,ПГ",Багатоквартирний сектор,2025-09-09,0.0008343548094776364
"ОП,ПГ",Багатоквартирний сектор,2025-09-10,0.0008780266388484501
"ОП,ПГ",Багатоквартирний сектор,2025-09-11,0.001010997963662169
"ОП,ПГ",Багатоквартирний сектор,2025-09-12,0.0006516598314112436
"ОП,ПГ",Багатоквартирний сектор,2025-09-13,0.00048109437067266026
"ОП,ПГ",Багатоквартирний сектор,2025-09-14,0.0006412984573261559
"ОП,ПГ",Багатоквартирний сектор,2025-09-15,0.0005383615435685129
"ОП,ПГ",Багатоквартирний сектор,2025-09-16,0.000459995175113819
"ОП,ПГ",Багатоквартирний сектор,2025-09-17,0.000918916262505355
"ОП,ПГ",Багатоквартирний сектор,2025-09-18,0.0007586003568465407
"ОП,ПГ",Багатоквартирний сектор,2025-09-19,0.00036645626132923194
"ОП,ПГ",Багатоквартирний сектор,2025-09-20,0.0007008580399612145
"ОП,ПГ",Багатоквартирний сектор,2025-09-21,0.0006563687589323965
"ОП,ПГ",Багатоквартирний сектор,2025-09-22,0.00031827713670846063
"ОП,ПГ",Багатоквартирний сектор,2025-09-23,0.00019576783402491376
"ОП,ПГ",Багатоквартирний сектор,2025-09-24,0.00021878958631079882
"ОП,ПГ",Багатоквартирний сектор,2025-09-25,0.0004003353326282632
"ОП,ПГ",Багатоквартирний сектор,2025-09-26,0.00036706468879671325
"ОП,ПГ",Багатоквартирний сектор,2025-09-27,0.0006763538674047985
"ОП,ПГ",Багатоквартирний сектор,2025-09-28,0.0012825969146523118
"ОП,ПГ",Багатоквартирний сектор,2025-09-29,0.0003864879242313134
"ОП,ПГ",Багатоквартирний сектор,2025-09-30,0.0007440668754992864
"ОП,ПГ",Багатоквартирний сектор,2025-10-01,0.0002768656319498294
"ОП,ПГ",Багатоквартирний сектор,2025-10-02,0.0005673356028090242
"ОП,ПГ",Багатоквартирний сектор,2025-10-03,0.0003031238232001851
"ОП,ПГ",Багатоквартирний сектор,2025-10-04,0.00039086912745858266
"ОП,ПГ",Багатоквартирний сектор,2025-10-05,0.0007282631406819409
"ОП,ПГ",Багатоквартирний сектор,2025-10-06,0.0005951601852242135
"ОП,ПГ",Багатоквартирний сектор,2025-10-07,0.00044157700383485715
"ОП,ПГ",Багатоквартирний сектор,2025-10-08,0.0004960369899493006
"ОП,ПГ",Багатоквартирний сектор,2025-10-09,0.0004448797945612145
"ОП,ПГ",Багатоквартирний сектор,2025-10-10,0.0003798130618420207
"ОП,ПГ",Багатоквартирний сектор,2025-10-11,0.0007854071287466988
"ОП,ПГ",Багатоквартирний сектор,2025-10-12,0.0006260775974436533
"ОП,ПГ",Багатоквартирний сектор,2025-10-13,0.0010921062460372668
"ОП,ПГ",Багатоквартирний сектор,2025-10-14,0.0016624849967406396
"ОП,ПГ",Багатоквартирний сектор,2025-10-15,0.0016800655065440956
"ОП,ПГ",Багатоквартирний сектор,2025-10-16,0.004209594768749064
"ОП,ПГ",Багатоквартирний сектор,2025-10-17,0.0014717756146378307
"ОП,ПГ",Багатоквартирний сектор,2025-10-18,0.001667093902523171
"ОП,ПГ",Багатоквартирний сектор,2025-10-19,0.0034904778584078887
"ОП,ПГ",Багатоквартирний сектор,2025-10-20,0.005433317047185416
"ОП,ПГ",Багатоквартирний сектор,2025-10-21,0.004141237587937138
"ОП,ПГ",Багатоквартирний сектор,2025-10-22,0.004445193282519943
"ОП,ПГ",Багатоквартирний сектор,2025-10-23,0.0036240496317426142
"ОП,ПГ",Багатоквартирний сектор,2025-10-24,0.001934704762288814
"ОП,ПГ",Багатоквартирний сектор,2025-10-25,0.0029623464540018095
"ОП,ПГ",Багатоквартирний сектор,2025-10-26,0.004313858026445489
"ОП,ПГ",Багатоквартирний сектор,2025-10-27,0.003940057682233586
"ОП,ПГ",Багатоквартирний сектор,2025-10-28,0.003766479529933372
"ОП,ПГ",Багатоквартирний сектор,2025-10-29,0.003972344403719677
"ОП,ПГ",Багатоквартирний сектор,2025-10-30,0.0035363919241762506
"ОП,ПГ",Багатоквартирний сектор,2025-10-31,0.0018754806403385668
"ОП,ПГ",Багатоквартирний сектор,2025-11-01,0.0032237404769557597
"ОП,ПГ",Багатоквартирний сектор,2025-11-02,0.002442355858266948
"ОП,ПГ",Багатоквартирний сектор,2025-11-03,0.003145236642313687
"ОП,ПГ",Багатоквартирний сектор,2025-11-04,0.0038618493250069884
"ОП,ПГ",Багатоквартирний сектор,2025-11-05,0.003145236642313687
"ОП,ПГ",Багатоквартирний сектор,2025-11-06,0.003392704189015033
"ОП,ПГ",Багатоквартирний сектор,2025-11-07,0.002591539814112744
"ОП,ПГ",Багатоквартирний сектор,2025-11-08,0.0036271680633133646
"ОП,ПГ",Багатоквартирний сектор,2025-11-09,0.004550008137646802
"ОП,ПГ",Багатоквартирний сектор,2025-11-10,0.0033237000360181175
"ОП,ПГ",Багатоквартирний сектор,2025-11-11,0.003212677733799028
"ОП,ПГ",Багатоквартирний сектор,2025-11-12,0.003327536179300987
"ОП,ПГ",Багатоквартирний сектор,2025-11-13,0.003831077617238009
"ОП,ПГ",Багатоквартирний сектор,2025-11-14,0.003432786715385933
"ОП,ПГ",Багатоквартирний сектор,2025-11-15,0.003986301806309248
"ОП,ПГ",Багатоквартирний сектор,2025-11-16,0.00467615373264283
"ОП,ПГ",Багатоквартирний сектор,2025-11-17,0.0037695342017000488
"ОП,ПГ",Багатоквартирний сектор,2025-11-18,0.003554229641637794
"ОП,ПГ",Багатоквартирний сектор,2025-11-19,0.004368860272681942
"ОП,ПГ",Багатоквартирний сектор,2025-11-20,0.004422139056495138
"ОП,ПГ",Багатоквартирний сектор,2025-11-21,0.0036687208010026963
"ОП,ПГ",Багатоквартирний сектор,2025-11-22,0.002369421498211459
"ОП,ПГ",Багатоквартирний сектор,2025-11-23,0.003083655557439389
"ОП,ПГ",Багатоквартирний сектор,2025-11-24,0.003886173640059547
"ОП,ПГ",Багатоквартирний сектор,2025-11-25,0.004333113384732497
"ОП,ПГ",Багатоквартирний сектор,2025-11-26,0.004507385110596248
"ОП,ПГ",Багатоквартирний сектор,2025-11-27,0.0038618493250069884
"ОП,ПГ",Багатоквартирний сектор,2025-11-28,0.004362747600628663
"ОП,ПГ",Багатоквартирний сектор,2025-11-29,0.004781266992549435
"ОП,ПГ",Багатоквартирний сектор,2025-11-30,0.004565666093681158
"ОП,ПГ",Багатоквартирний сектор,2025-12-01,0.003782436474538446
"ОП,ПГ",Багатоквартирний сектор,2025-12-02,0.0036676125101328142
"ОП,ПГ",Багатоквартирний сектор,2025-12-03,0.004050500689514258
"ОП,ПГ",Багатоквартирний сектор,2025-12-04,0.004484888962667014
"ОП,ПГ",Багатоквартирний сектор,2025-12-05,0.004797297315423223
"ОП,ПГ",Багатоквартирний сектор,2025-12-06,0.004627588153342901
"ОП,ПГ",Багатоквартирний сектор,2025-12-07,0.005108922058661802
"ОП,ПГ",Багатоквартирний сектор,2025-12-08,0.005232426633373214
"ОП,ПГ",Багатоквартирний сектор,2025-12-09,0.005517849545162839
"ОП,ПГ",Багатоквартирний сектор,2025-12-10,0.005751537455402436
"ОП,ПГ",Багатоквартирний сектор,2025-12-11,0.0056416216429377095
"ОП,ПГ",Багатоквартирний сектор,2025-12-12,0.00465563819911415
"ОП,ПГ",Багатоквартирний сектор,2025-12-13,0.005574459480521784
"ОП,ПГ",Багатоквартирний сектор,2025-12-14,0.005918400340791686
"ОП,ПГ",Багатоквартирний сектор,2025-12-15,0.005508660312182387
"ОП,ПГ",Багатоквартирний сектор,2025-12-16,0.005537998732362866
"ОП,ПГ",Багатоквартирний сектор,2025-12-17,0.0059543701534758115
"ОП,ПГ",Багатоквартирний сектор,2025-12-18,0.0049458856603492255
"ОП,ПГ",Багатоквартирний сектор,2025-12-19,0.005344417549120079
"ОП,ПГ",Багатоквартирний сектор,2025-12-20,0.0059116483879121115
"ОП,ПГ",Багатоквартирний сектор,2025-12-21,0.005600508999074632
"ОП,ПГ",Багатоквартирний сектор,2025-12-22,0.005382567587904856
"ОП,ПГ",Багатоквартирний сектор,2025-12-23,0.005886300539429712
"ОП,ПГ",Багатоквартирний сектор,2025-12-24,0.006130945969110879
"ОП,ПГ",Багатоквартирний сектор,2025-12-25,0.006697027052330819
"ОП,ПГ",Багатоквартирний сектор,2025-12-26,0.006489478681467429
"ОП,ПГ",Багатоквартирний сектор,2025-12-27,0.006624861651236229
"ОП,ПГ",Багатоквартирний сектор,2025-12-28,0.006200145958101116
"ОП,ПГ",Багатоквартирний сектор,2025-12-29,0.0059776004999402225
"ОП,ПГ",Багатоквартирний сектор,2025-12-30,0.006956081107363673
"ОП,ПГ",Багатоквартирний сектор,2025-12-31,0.006654884289178847
"ОП,ПГ,ВПГ",Приватний сектор,2025-01-01,0.005799201584205124
"ОП,ПГ,ВПГ",Приватний сектор,2025-01-02,0.0054320125519158255
"ОП,ПГ,ВПГ",Приватний сектор,2025-01-03,0.005232157120628487
"ОП,ПГ,ВПГ",Приватний сектор,2025-01-04,0.005489662154123917
"ОП,ПГ,ВПГ",Приватний сектор,2025-01-05,0.005985131280567396
"ОП,ПГ,ВПГ",Приватний сектор,2025-01-06,0.006253298057844476
"ОП,ПГ,ВПГ",Приватний сектор,2025-01-07,0.00562980100165719
"ОП,ПГ,ВПГ",Приватний сектор,2025-01-08,0.0050589822271513525
"ОП,ПГ,ВПГ",Приватний сектор,2025-01-09,0.004701685752857134
"ОП,ПГ,ВПГ",Приватний сектор,2025-01-10,0.004565598209653167
"ОП,ПГ,ВПГ",Приватний сектор,2025-01-11,0.004871948756545589
"ОП,ПГ,ВПГ",Приватний сектор,2025-01-12,0.005300142627946958
"ОП,ПГ,ВПГ",Приватний сектор,2025-01-13,0.005602359491207665
"ОП,ПГ,ВПГ",Приватний сектор,2025-01-14,0.005814123083626298
"ОП,ПГ,ВПГ",Приватний сектор,2025-01-15,0.006095975874574237
"ОП,ПГ,ВПГ",Приватний сектор,2025-01-16,0.006087582682748401
"ОП,ПГ,ВПГ",Приватний сектор,2025-01-17,0.006028143017463831
"ОП,ПГ,ВПГ",Приватний сектор,2025-01-18,0.006025985527917321
"ОП,ПГ,ВПГ",Приватний сектор,2025-01-19,0.005969923606783713
"ОП,ПГ,ВПГ",Приватний сектор,2025-01-20,0.005791019734438732
"ОП,ПГ,ВПГ",Приватний сектор,2025-01-21,0.00587932546169774
"ОП,ПГ,ВПГ",Приватний сектор,2025-01-22,0.005857277287206649
"ОП,ПГ,ВПГ",Приватний сектор,2025-01-23,0.005837214382547532
"ОП,ПГ,ВПГ",Приватний сектор,2025-01-24,0.005651429655173439
"ОП,ПГ,ВПГ",Приватний сектор,2025-01-25,0.005521511732066005
"ОП,ПГ,ВПГ",Приватний сектор,2025-01-26,0.005418465715430866
"ОП,ПГ,ВПГ",Приватний сектор,2025-01-27,0.005384076685779471
"ОП,ПГ,ВПГ",Приватний сектор,2025-01-28,0.005317016996265013
"ОП,ПГ,ВПГ",Приватний сектор,2025-01-29,0.005164059832945826
"ОП,ПГ,ВПГ",Приватний сектор,2025-01-30,0.004841919658140274
"ОП,ПГ,ВПГ",Приватний сектор,2025-01-31,0.004759335595541375
"ОП,ПГ,ВПГ",Приватний сектор,2025-02-01,0.005332363208498491
"ОП,ПГ,ВПГ",Приватний сектор,2025-02-02,0.005606059547593618
"ОП,ПГ,ВПГ",Приватний сектор,2025-02-03,0.0059632556770951185
"ОП,ПГ,ВПГ",Приватний сектор,2025-02-04,0.006316882318679383
"ОП,ПГ,ВПГ",Приватний сектор,2025-02-05,0.006545315297145748
"ОП,ПГ,ВПГ",Приватний сектор,2025-02-06,0.007103350813073722
"ОП,ПГ,ВПГ",Приватний сектор,2025-02-07,0.007456706267842412
"ОП,ПГ,ВПГ",Приватний сектор,2025-02-08,0.007555259449743205
"ОП,ПГ,ВПГ",Приватний сектор,2025-02-09,0.0076635378997039665
"ОП,ПГ,ВПГ",Приватний сектор,2025-02-10,0.007708065479926859
"ОП,ПГ,ВПГ",Приватний сектор,2025-02-11,0.007816145456986818
"ОП,ПГ,ВПГ",Приватний сектор,2025-02-12,0.007706513982604593
"ОП,ПГ,ВПГ",Приватний сектор,2025-02-13,0.007573306768120951
"ОП,ПГ,ВПГ",Приватний сектор,2025-02-14,0.007520011959192374
"ОП,ПГ,ВПГ",Приватний сектор,2025-02-15,0.007649458306041326
"ОП,ПГ,ВПГ",Приватний сектор,2025-02-16,0.007760316504756364
"ОП,ПГ,ВПГ",Приватний сектор,2025-02-17,0.007842431289900786
"ОП,ПГ,ВПГ",Приватний сектор,2025-02-18,0.007944826359961408
"ОП,ПГ,ВПГ",Приватний сектор,2025-02-19,0.008104971277840047
"ОП,ПГ,ВПГ",Приватний сектор,2025-02-20,0.008157726535188047
"ОП,ПГ,ВПГ",Приватний сектор,2025-02-21,0.008039829817976555
"ОП,ПГ,ВПГ",Приватний сектор,2025-02-22,0.00820499245142953
"ОП,ПГ,ВПГ",Приватний сектор,2025-02-23,0.008217973726751959
"ОП,ПГ,ВПГ",Приватний сектор,2025-02-24,0.008039790686608842
"ОП,ПГ,ВПГ",Приватний сектор,2025-02-25,0.008170340024825048
"ОП,ПГ,ВПГ",Приватний сектор,2025-02-26,0.008033093763519168
"ОП,ПГ,ВПГ",Приватний сектор,2025-02-27,0.00791929636774509
"ОП,ПГ,ВПГ",Приватний сектор,2025-02-28,0.007694962920522532
"ОП,ПГ,ВПГ",Приватний сектор,2025-03-01,0.006793114547998355
"ОП,ПГ,ВПГ",Приватний сектор,2025-03-02,0.006655452633249224
"ОП,ПГ,ВПГ",Приватний сектор,2025-03-03,0.0063181295295654995
"ОП,ПГ,ВПГ",Приватний сектор,2025-03-04,0.006026555365433298
"ОП,ПГ,ВПГ",Приватний сектор,2025-03-05,0.005495188884620972
"ОП,ПГ,ВПГ",Приватний сектор,2025-03-06,0.0047515346004474825
"ОП,ПГ,ВПГ",Приватний сектор,2025-03-07,0.003974942690747333
"ОП,ПГ,ВПГ",Приватний сектор,2025-03-08,0.0036901167995310458
"ОП,ПГ,ВПГ",Приватний сектор,2025-03-09,0.0036163116259860634
"ОП,ПГ,ВПГ",Приватний сектор,2025-03-10,0.0038468216490353652
"ОП,ПГ,ВПГ",Приватний сектор,2025-03-11,0.003929645396347512
"ОП,ПГ,ВПГ",Приватний сектор,2025-03-12,0.0033269017357570392
"ОП,ПГ,ВПГ",Приватний сектор,2025-03-13,0.0030613821016817386
"ОП,ПГ,ВПГ",Приватний сектор,2025-03-14,0.0022859567328718665
"ОП,ПГ,ВПГ",Приватний сектор,2025-03-15,0.002258321273716354
"ОП,ПГ,ВПГ",Приватний сектор,2025-03-16,0.0029813389428504622
"ОП,ПГ,ВПГ",Приватний сектор,2025-03-17,0.003926686853481347
"ОП,ПГ,ВПГ",Приватний сектор,2025-03-18,0.0049863328022145825
"ОП,ПГ,ВПГ",Приватний сектор,2025-03-19,0.005040570859341727
"ОП,ПГ,ВПГ",Приватний сектор,2025-03-20,0.004566000881837124
"ОП,ПГ,ВПГ",Приватний сектор,2025-03-21,0.003740451331783981
"ОП,ПГ,ВПГ",Приватний сектор,2025-03-22,0.0037571022367462866
"ОП,ПГ,ВПГ",Приватний сектор,2025-03-23,0.00394185589438323
"ОП,ПГ,ВПГ",Приватний сектор,2025-03-24,0.004009197534232887
"ОП,ПГ,ВПГ",Приватний сектор,2025-03-25,0.0038693119860476978
"ОП,ПГ,ВПГ",Приватний сектор,2025-03-26,0.0028446513689778757
"ОП,ПГ,ВПГ",Приватний сектор,2025-03-27,0.00253200274361211
"ОП,ПГ,ВПГ",Приватний сектор,2025-03-28,0.0022270944186035097
"ОП,ПГ,ВПГ",Приватний сектор,2025-03-29,0.0024498087538834252
"ОП,ПГ,ВПГ",Приватний сектор,2025-03-30,0.002885777276498479
"ОП,ПГ,ВПГ",Приватний сектор,2025-03-31,0.0029138762479558222
"ОП,ПГ,ВПГ",Приватний сектор,2025-04-01,0.0029262501396641856
"ОП,ПГ,ВПГ",Приватний сектор,2025-04-02,0.0025322940894268757
"ОП,ПГ,ВПГ",Приватний сектор,2025-04-03,0.0027410465282875418
"ОП,ПГ,ВПГ",Приватний сектор,2025-04-04,0.0017348708115208053
"ОП,ПГ,ВПГ",Приватний сектор,2025-04-05,0.0020668929711155576
"ОП,ПГ,ВПГ",Приватний сектор,2025-04-06,0.003430479136049237
"ОП,ПГ,ВПГ",Приватний сектор,2025-04-07,0.004128205632892341
"ОП,ПГ,ВПГ",Приватний сектор,2025-04-08,0.004769560718754496
"ОП,ПГ,ВПГ",Приватний сектор,2025-04-09,0.005307054411344997
"ОП,ПГ,ВПГ",Приватний сектор,2025-04-10,0.00522352740570492
"ОП,ПГ,ВПГ",Приватний сектор,2025-04-11,0.004977063710659615
"ОП,ПГ,ВПГ",Приватний сектор,2025-04-12,0.004592410571854502
"ОП,ПГ,ВПГ",Приватний сектор,2025-04-13,0.003916387449460661
"ОП,ПГ,ВПГ",Приватний сектор,2025-04-14,0.002768282147523042
"ОП,ПГ,ВПГ",Приватний сектор,2025-04-15,0.001564467857774767
"ОП,ПГ,ВПГ",Приватний сектор,2025-04-16,0.0011002017155830692
"ОП,ПГ,ВПГ",Приватний сектор,2025-04-17,0.0008566693582342825
"ОП,ПГ,ВПГ",Приватний сектор,2025-04-18,0.0007191804011073639
"ОП,ПГ,ВПГ",Приватний сектор,2025-04-19,0.0008294236359720218
"ОП,ПГ,ВПГ",Приватний сектор,2025-04-20,0.0004968386871865263
"ОП,ПГ,ВПГ",Приватний сектор,2025-04-21,0.0004663734886518236
"ОП,ПГ,ВПГ",Приватний сектор,2025-04-22,0.0004717903147587288
"ОП,ПГ,ВПГ",Приватний сектор,2025-04-23,0.000454622094521903
"ОП,ПГ,ВПГ",Приватний сектор,2025-04-24,0.000467433008045335
"ОП,ПГ,ВПГ",Приватний сектор,2025-04-25,0.0004271278529624084
"ОП,ПГ,ВПГ",Приватний сектор,2025-04-26,0.0005506597632665048
"ОП,ПГ,ВПГ",Приватний сектор,2025-04-27,0.0006196627520138392
"ОП,ПГ,ВПГ",Приватний сектор,2025-04-28,0.0006543572014437438
"ОП,ПГ,ВПГ",Приватний сектор,2025-04-29,0.0006213334903330031
"ОП,ПГ,ВПГ",Приватний сектор,2025-04-30,0.0006047848761510753
"ОП,ПГ,ВПГ",Приватний сектор,2025-05-01,0.0008082584399415007
"ОП,ПГ,ВПГ",Приватний сектор,2025-05-02,0.0007983342809713411
"ОП,ПГ,ВПГ",Приватний сектор,2025-05-03,0.0008319821121884861
"ОП,ПГ,ВПГ",Приватний сектор,2025-05-04,0.0008139350173485293
"ОП,ПГ,ВПГ",Приватний сектор,2025-05-05,0.0007073533199243298
"ОП,ПГ,ВПГ",Приватний сектор,2025-05-06,0.0007274711487955707
"ОП,ПГ,ВПГ",Приватний сектор,2025-05-07,0.000704159811836098
"ОП,ПГ,ВПГ",Приватний сектор,2025-05-08,0.0007257454842429672
"ОП,ПГ,ВПГ",Приватний сектор,2025-05-09,0.0008473905977082694
"ОП,ПГ,ВПГ",Приватний сектор,2025-05-10,0.0009805195603974925
"ОП,ПГ,ВПГ",Приватний сектор,2025-05-11,0.0010312876156798846
"ОП,ПГ,ВПГ",Приватний сектор,2025-05-12,0.0010456092492736341
"ОП,ПГ,ВПГ",Приватний сектор,2025-05-13,0.0010618647608130968
"ОП,ПГ,ВПГ",Приватний сектор,2025-05-14,0.0009600149768973594
"ОП,ПГ,ВПГ",Приватний сектор,2025-05-15,0.0008897699785877965
"ОП,ПГ,ВПГ",Приватний сектор,2025-05-16,0.00079360312189941
"ОП,ПГ,ВПГ",Приватний сектор,2025-05-17,0.000941275191123624
"ОП,ПГ,ВПГ",Приватний сектор,2025-05-18,0.0009444999228727564
"ОП,ПГ,ВПГ",Приватний сектор,2025-05-19,0.0008083347204955483
"ОП,ПГ,ВПГ",Приватний сектор,2025-05-20,0.0008208388916509174
"ОП,ПГ,ВПГ",Приватний сектор,2025-05-21,0.0007681205456146019
"ОП,ПГ,ВПГ",Приватний сектор,2025-05-22,0.0007013777445850731
"ОП,ПГ,ВПГ",Приватний сектор,2025-05-23,0.0006421206283326432
"ОП,ПГ,ВПГ",Приватний сектор,2025-05-24,0.0006442100837442432
"ОП,ПГ,ВПГ",Приватний сектор,2025-05-25,0.0006436744809668166
"ОП,ПГ,ВПГ",Приватний сектор,2025-05-26,0.0005903676944283863
"ОП,ПГ,ВПГ",Приватний сектор,2025-05-27,0.0005737723747929703
"ОП,ПГ,ВПГ",Приватний сектор,2025-05-28,0.0005755848165676674
"ОП,ПГ,ВПГ",Приватний сектор,2025-05-29,0.0005984959490511063
"ОП,ПГ,ВПГ",Приватний сектор,2025-05-30,0.0005531399859727983
"ОП,ПГ,ВПГ",Приватний сектор,2025-05-31,0.0006346875034584957
"ОП,ПГ,ВПГ",Приватний сектор,2025-06-01,0.0004993356391520147
"ОП,ПГ,ВПГ",Приватний сектор,2025-06-02,0.0004374833603014487
"ОП,ПГ,ВПГ",Приватний сектор,2025-06-03,0.0004136986489552101
"ОП,ПГ,ВПГ",Приватний сектор,2025-06-04,0.00039897129844516287
"ОП,ПГ,ВПГ",Приватний сектор,2025-06-05,0.00040786961868418396
"ОП,ПГ,ВПГ",Приватний сектор,2025-06-06,0.0003851758718707782
"ОП,ПГ,ВПГ",Приватний сектор,2025-06-07,0.00042072471466445357
"ОП,ПГ,ВПГ",Приватний сектор,2025-06-08,0.00040506562357142656
"ОП,ПГ,ВПГ",Приватний сектор,2025-06-09,0.0003753026241861435
"ОП,ПГ,ВПГ",Приватний сектор,2025-06-10,0.0003703403122771857
"ОП,ПГ,ВПГ",Приватний сектор,2025-06-11,0.0003720684999356244
"ОП,ПГ,ВПГ",Приватний сектор,2025-06-12,0.0003872655230743872
"ОП,ПГ,ВПГ",Приватний сектор,2025-06-13,0.00037246217065033045
"ОП,ПГ,ВПГ",Приватний сектор,2025-06-14,0.00042055913412395417
"ОП,ПГ,ВПГ",Приватний сектор,2025-06-15,0.0004704237178904639
"ОП,ПГ,ВПГ",Приватний сектор,2025-06-16,0.00041156067405389614
"ОП,ПГ,ВПГ",Приватний сектор,2025-06-17,0.0003867152024914198
"ОП,ПГ,ВПГ",Приватний сектор,2025-06-18,0.00039854186991660867
"ОП,ПГ,ВПГ",Приватний сектор,2025-06-19,0.00038955267494994656
"ОП,ПГ,ВПГ",Приватний сектор,2025-06-20,0.0003848633228119321
"ОП,ПГ,ВПГ",Приватний сектор,2025-06-21,0.0004323387300476826
"ОП,ПГ,ВПГ",Приватний сектор,2025-06-22,0.0004682354650970676
"ОП,ПГ,ВПГ",Приватний сектор,2025-06-23,0.00042537291635315674
"ОП,ПГ,ВПГ",Приватний сектор,2025-06-24,0.0004144177393084538
"ОП,ПГ,ВПГ",Приватний сектор,2025-06-25,0.00042362281843982293
"ОП,ПГ,ВПГ",Приватний сектор,2025-06-26,0.00039472629945433527
"ОП,ПГ,ВПГ",Приватний сектор,2025-06-27,0.0003819124999449758
"ОП,ПГ,ВПГ",Приватний сектор,2025-06-28,0.000417980044760942
"ОП,ПГ,ВПГ",Приватний сектор,2025-06-29,0.0004674420542472857
"ОП,ПГ,ВПГ",Приватний сектор,2025-06-30,0.000410575034277935
"ОП,ПГ,ВПГ",Приватний сектор,2025-07-01,0.00041267494683431324
"ОП,ПГ,ВПГ",Приватний сектор,2025-07-02,0.00042828299053723724
"ОП,ПГ,ВПГ",Приватний сектор,2025-07-03,0.00042684602148091675
"ОП,ПГ,ВПГ",Приватний сектор,2025-07-04,0.0004011487153207602
"ОП,ПГ,ВПГ",Приватний сектор,2025-07-05,0.00044696435735219666
"ОП,ПГ,ВПГ",Приватний сектор,2025-07-06,0.0004379149694642731
"ОП,ПГ,ВПГ",Приватний сектор,2025-07-07,0.0003912122143608163
"ОП,ПГ,ВПГ",Приватний сектор,2025-07-08,0.00038029731381142203
"ОП,ПГ,ВПГ",Приватний сектор,2025-07-09,0.00037037548625758356
"ОП,ПГ,ВПГ",Приватний сектор,2025-07-10,0.00035482066742368245
"ОП,ПГ,ВПГ",Приватний сектор,2025-07-11,0.00033836331041581566
"ОП,ПГ,ВПГ",Приватний сектор,2025-07-12,0.0003376836856594595
"ОП,ПГ,ВПГ",Приватний сектор,2025-07-13,0.00036764193623998353
"ОП,ПГ,ВПГ",Приватний сектор,2025-07-14,0.0003429956734366016
"ОП,ПГ,ВПГ",Приватний сектор,2025-07-15,0.00033112667512885815
"ОП,ПГ,ВПГ",Приватний сектор,2025-07-16,0.00033120756697492163
"ОП,ПГ,ВПГ",Приватний сектор,2025-07-17,0.00034065889424246553
"ОП,ПГ,ВПГ",Приватний сектор,2025-07-18,0.00035792469253778544
"ОП,ПГ,ВПГ",Приватний сектор,2025-07-19,0.0003743742836328354
"ОП,ПГ,ВПГ",Приватний сектор,2025-07-20,0.0003833321015571669
"ОП,ПГ,ВПГ",Приватний сектор,2025-07-21,0.00035682784117094994
"ОП,ПГ,ВПГ",Приватний сектор,2025-07-22,0.00035135445773001173
"ОП,ПГ,ВПГ",Приватний сектор,2025-07-23,0.00034435301796061866
"ОП,ПГ,ВПГ",Приватний сектор,2025-07-24,0.00033673733330552574
"ОП,ПГ,ВПГ",Приватний сектор,2025-07-25,0.0003243579320868335
"ОП,ПГ,ВПГ",Приватний сектор,2025-07-26,0.0003440805466036526
"ОП,ПГ,ВПГ",Приватний сектор,2025-07-27,0.00036281502076041693
"ОП,ПГ,ВПГ",Приватний сектор,2025-07-28,0.000318951153913795
"ОП,ПГ,ВПГ",Приватний сектор,2025-07-29,0.00030568514580319497
"ОП,ПГ,ВПГ",Приватний сектор,2025-07-30,0.00033793407459308385
"ОП,ПГ,ВПГ",Приватний сектор,2025-07-31,0.00034842110358573365
"ОП,ПГ,ВПГ",Приватний сектор,2025-08-01,0.00041483586374268264
"ОП,ПГ,ВПГ",Приватний сектор,2025-08-02,0.0004601015436092223
"ОП,ПГ,ВПГ",Приватний сектор,2025-08-03,0.0005112901379335258
"ОП,ПГ,ВПГ",Приватний сектор,2025-08-04,0.0004624664281074169
"ОП,ПГ,ВПГ",Приватний сектор,2025-08-05,0.00044780338686247525
"ОП,ПГ,ВПГ",Приватний сектор,2025-08-06,0.0004122030639069221
"ОП,ПГ,ВПГ",Приватний сектор,2025-08-07,0.0004400753287735022
"ОП,ПГ,ВПГ",Приватний сектор,2025-08-08,0.00043162998053700917
"ОП,ПГ,ВПГ",Приватний сектор,2025-08-09,0.0004705407418968323
"ОП,ПГ,ВПГ",Приватний сектор,2025-08-10,0.0004972699050226726
"ОП,ПГ,ВПГ",Приватний сектор,2025-08-11,0.000480559180249935
"ОП,ПГ,ВПГ",Приватний сектор,2025-08-12,0.0004568704531689531
"ОП,ПГ,ВПГ",Приватний сектор,2025-08-13,0.0004685126545781029
"ОП,ПГ,ВПГ",Приватний сектор,2025-08-14,0.00046488805788786697
"ОП,ПГ,ВПГ",Приватний сектор,2025-08-15,0.00045943072757538935
"ОП,ПГ,ВПГ",Приватний сектор,2025-08-16,0.00048306033802475066
"ОП,ПГ,ВПГ",Приватний сектор,2025-08-17,0.0004997947095245905
"ОП,ПГ,ВПГ",Приватний сектор,2025-08-18,0.00046370402561260644
"ОП,ПГ,ВПГ",Приватний сектор,2025-08-19,0.0004731063336143846
"ОП,ПГ,ВПГ",Приватний сектор,2025-08-20,0.0004906344548230479
"ОП,ПГ,ВПГ",Приватний сектор,2025-08-21,0.0004454853446079242
"ОП,ПГ,ВПГ",Приватний сектор,2025-08-22,0.0004557563556234777
"ОП,ПГ,ВПГ",Приватний сектор,2025-08-23,0.000496083501345224
"ОП,ПГ,ВПГ",Приватний сектор,2025-08-24,0.0005165189638677972
"ОП,ПГ,ВПГ",Приватний сектор,2025-08-25,0.0004824417136130611
"ОП,ПГ,ВПГ",Приватний сектор,2025-08-26,0.0004909816515642708
"ОП,ПГ,ВПГ",Приватний сектор,2025-08-27,0.0005146714107229386
"ОП,ПГ,ВПГ",Приватний сектор,2025-08-28,0.0004774442506086644
"ОП,ПГ,ВПГ",Приватний сектор,2025-08-29,0.0004643599889594566
"ОП,ПГ,ВПГ",Приватний сектор,2025-08-30,0.0004814378972863257
"ОП,ПГ,ВПГ",Приватний сектор,2025-08-31,0.0005106760437885176
"ОП,ПГ,ВПГ",Приватний сектор,2025-09-01,0.0004690604506313815
"ОП,ПГ,ВПГ",Приватний сектор,2025-09-02,0.00042752528729852817
"ОП,ПГ,ВПГ",Приватний сектор,2025-09-03,0.0004403363315432245
"ОП,ПГ,ВПГ",Приватний сектор,2025-09-04,0.0004326325666272187
"ОП,ПГ,ВПГ",Приватний сектор,2025-09-05,0.0004511617681392696
"ОП,ПГ,ВПГ",Приватний сектор,2025-09-06,0.00047685534373793405
"ОП,ПГ,ВПГ",Приватний сектор,2025-09-07,0.0005227780846478091
"ОП,ПГ,ВПГ",Приватний сектор,2025-09-08,0.0004659026188665767
"ОП,ПГ,ВПГ",Приватний сектор,2025-09-09,0.0004680129396553344
"ОП,ПГ,ВПГ",Приватний сектор,2025-09-10,0.0004886355604818211
"ОП,ПГ,ВПГ",Приватний сектор,2025-09-11,0.00045552763638087877
"ОП,ПГ,ВПГ",Приватний сектор,2025-09-12,0.00046276880602154563
"ОП,ПГ,ВПГ",Приватний сектор,2025-09-13,0.0005349319191246862
"ОП,ПГ,ВПГ",Приватний сектор,2025-09-14,0.0005571720785607535
"ОП,ПГ,ВПГ",Приватний сектор,2025-09-15,0.0004720752475722343
"ОП,ПГ,ВПГ",Приватний сектор,2025-09-16,0.0004894468609196698
"ОП,ПГ,ВПГ",Приватний сектор,2025-09-17,0.0004836197543180602
"ОП,ПГ,ВПГ",Приватний сектор,2025-09-18,0.0004999473066657046
"ОП,ПГ,ВПГ",Приватний сектор,2025-09-19,0.0004883491752865125
"ОП,ПГ,ВПГ",Приватний сектор,2025-09-20,0.0005290223735475339
"ОП,ПГ,ВПГ",Приватний сектор,2025-09-21,0.0005818177341480282
"ОП,ПГ,ВПГ",Приватний сектор,2025-09-22,0.00045449755151427684
"ОП,ПГ,ВПГ",Приватний сектор,2025-09-23,0.00047304721485379116
"ОП,ПГ,ВПГ",Приватний сектор,2025-09-24,0.00048336356869994684
"ОП,ПГ,ВПГ",Приватний сектор,2025-09-25,0.0005243068431895757
"ОП,ПГ,ВПГ",Приватний сектор,2025-09-26,0.0005471802857383163
"ОП,ПГ,ВПГ",Приватний сектор,2025-09-27,0.0006600686376473881
"ОП,ПГ,ВПГ",Приватний сектор,2025-09-28,0.0007765313900080955
"ОП,ПГ,ВПГ",Приватний сектор,2025-09-29,0.0008097003736670123
"ОП,ПГ,ВПГ",Приватний сектор,2025-09-30,0.0010820594409037699
"ОП,ПГ,ВПГ",Приватний сектор,2025-10-01,0.0011755455164551639
"ОП,ПГ,ВПГ",Приватний сектор,2025-10-02,0.0009702061780247061
"ОП,ПГ,ВПГ",Приватний сектор,2025-10-03,0.0007806156821958129
"ОП,ПГ,ВПГ",Приватний сектор,2025-10-04,0.0007707451270797559
"ОП,ПГ,ВПГ",Приватний сектор,2025-10-05,0.0007942966456338129
"ОП,ПГ,ВПГ",Приватний сектор,2025-10-06,0.0007267652549237387
"ОП,ПГ,ВПГ",Приватний сектор,2025-10-07,0.0006735795687823943
"ОП,ПГ,ВПГ",Приватний сектор,2025-10-08,0.0006518765257936944
"ОП,ПГ,ВПГ",Приватний сектор,2025-10-09,0.0006379485582770416
"ОП,ПГ,ВПГ",Приватний сектор,2025-10-10,0.0007187032212794163
"ОП,ПГ,ВПГ",Приватний сектор,2025-10-11,0.0009059424378355098
"ОП,ПГ,ВПГ",Приватний сектор,2025-10-12,0.001134090632155361
"ОП,ПГ,ВПГ",Приватний сектор,2025-10-13,0.0015262172261928224
"ОП,ПГ,ВПГ",Приватний сектор,2025-10-14,0.0026947396914454385
"ОП,ПГ,ВПГ",Приватний сектор,2025-10-15,0.0034990882512505226
"ОП,ПГ,ВПГ",Приватний сектор,2025-10-16,0.0037770918774258345
"ОП,ПГ,ВПГ",Приватний сектор,2025-10-17,0.0036113362235457
"ОП,ПГ,ВПГ",Приватний сектор,2025-10-18,0.003505725320222012
"ОП,ПГ,ВПГ",Приватний сектор,2025-10-19,0.004060020989817971
"ОП,ПГ,ВПГ",Приватний сектор,2025-10-20,0.004482234888113927
"ОП,ПГ,ВПГ",Приватний сектор,2025-10-21,0.0045080390325847874
"ОП,ПГ,ВПГ",Приватний сектор,2025-10-22,0.004130827874378578
"ОП,ПГ,ВПГ",Приватний сектор,2025-10-23,0.003638890857437308
"ОП,ПГ,ВПГ",Приватний сектор,2025-10-24,0.0030529925877355738
"ОП,ПГ,ВПГ",Приватний сектор,2025-10-25,0.00330908792921266
"ОП,ПГ,ВПГ",Приватний сектор,2025-10-26,0.003559382905412699
"ОП,ПГ,ВПГ",Приватний сектор,2025-10-27,0.003825091220366459
"ОП,ПГ,ВПГ",Приватний сектор,2025-10-28,0.003970267081119044
"ОП,ПГ,ВПГ",Приватний сектор,2025-10-29,0.004094001865148107
"ОП,ПГ,ВПГ",Приватний сектор,2025-10-30,0.003950094620650579
"ОП,ПГ,ВПГ",Приватний сектор,2025-10-31,0.0037280881054210474
"ОП,ПГ,ВПГ",Приватний сектор,2025-11-01,0.0029153964548252784
"ОП,ПГ,ВПГ",Приватний сектор,2025-11-02,0.003128124550889237
"ОП,ПГ,ВПГ",Приватний сектор,2025-11-03,0.0031074517155109953
"ОП,ПГ,ВПГ",Приватний сектор,2025-11-04,0.0033930665930280482
"ОП,ПГ,ВПГ",Приватний сектор,2025-11-05,0.003287799024953724
"ОП,ПГ,ВПГ",Приватний сектор,2025-11-06,0.0033390828016744657
"ОП,ПГ,ВПГ",Приватний сектор,2025-11-07,0.003251053799333274
"ОП,ПГ,ВПГ",Приватний сектор,2025-11-08,0.003279025000488064
"ОП,ПГ,ВПГ",Приватний сектор,2025-11-09,0.0033469079654069823
"ОП,ПГ,ВПГ",Приватний сектор,2025-11-10,0.003155128602313459
"ОП,ПГ,ВПГ",Приватний сектор,2025-11-11,0.003011147097317873
"ОП,ПГ,ВПГ",Приватний сектор,2025-11-12,0.00314614310092582
"ОП,ПГ,ВПГ",Приватний сектор,2025-11-13,0.00324095180656458
"ОП,ПГ,ВПГ",Приватний сектор,2025-11-14,0.0034178638051781535
"ОП,ПГ,ВПГ",Приватний сектор,2025-11-15,0.0035924650218718797
"ОП,ПГ,ВПГ",Приватний сектор,2025-11-16,0.0035466379755586435
"ОП,ПГ,ВПГ",Приватний сектор,2025-11-17,0.0033072381474587055
"ОП,ПГ,ВПГ",Приватний сектор,2025-11-18,0.002957655217169
"ОП,ПГ,ВПГ",Приватний сектор,2025-11-19,0.0035279291665527854
"ОП,ПГ,ВПГ",Приватний сектор,2025-11-20,0.0037253153473081678
"ОП,ПГ,ВПГ",Приватний сектор,2025-11-21,0.003349988379813313
"ОП,ПГ,ВПГ",Приватний сектор,2025-11-22,0.0031906330018562665
"ОП,ПГ,ВПГ",Приватний сектор,2025-11-23,0.0032202479613181578
"ОП,ПГ,ВПГ",Приватний сектор,2025-11-24,0.0034051120086279196
"ОП,ПГ,ВПГ",Приватний сектор,2025-11-25,0.0036485889330379723
"ОП,ПГ,ВПГ",Приватний сектор,2025-11-26,0.003818312226403965
"ОП,ПГ,ВПГ",Приватний сектор,2025-11-27,0.003601386119275732
"ОП,ПГ,ВПГ",Приватний сектор,2025-11-28,0.003541509851814634
"ОП,ПГ,ВПГ",Приватний сектор,2025-11-29,0.00398575592674996
"ОП,ПГ,ВПГ",Приватний сектор,2025-11-30,0.004299092438142957
"ОП,ПГ,ВПГ",Приватний сектор,2025-12-01,0.004451264008293129
"ОП,ПГ,ВПГ",Приватний сектор,2025-12-02,0.004338499748897608
"ОП,ПГ,ВПГ",Приватний сектор,2025-12-03,0.004461465599679499
"ОП,ПГ,ВПГ",Приватний сектор,2025-12-04,0.00465060505629972
"ОП,ПГ,ВПГ",Приватний сектор,2025-12-05,0.004960298082265189
"ОП,ПГ,ВПГ",Приватний сектор,2025-12-06,0.0049682612665825215
"ОП,ПГ,ВПГ",Приватний сектор,2025-12-07,0.005289666963242171
"ОП,ПГ,ВПГ",Приватний сектор,2025-12-08,0.005291063595704809
"ОП,ПГ,ВПГ",Приватний сектор,2025-12-09,0.005344149454514752
"ОП,ПГ,ВПГ",Приватний сектор,2025-12-10,0.005424972959420312
"ОП,ПГ,ВПГ",Приватний сектор,2025-12-11,0.005268178692426433
"ОП,ПГ,ВПГ",Приватний сектор,2025-12-12,0.005060444702604348
"ОП,ПГ,ВПГ",Приватний сектор,2025-12-13,0.005475363832309461
"ОП,ПГ,ВПГ",Приватний сектор,2025-12-14,0.005968399088220255
"ОП,ПГ,ВПГ",Приватний сектор,2025-12-15,0.005896942808485013
"ОП,ПГ,ВПГ",Приватний сектор,2025-12-16,0.005776884774828066
"ОП,ПГ,ВПГ",Приватний сектор,2025-12-17,0.005732749320224818
"ОП,ПГ,ВПГ",Приватний сектор,2025-12-18,0.005446742846142329
"ОП,ПГ,ВПГ",Приватний сектор,2025-12-19,0.005283392909623166
"ОП,ПГ,ВПГ",Приватний сектор,2025-12-20,0.005567888104756549
"ОП,ПГ,ВПГ",Приватний сектор,2025-12-21,0.005733955899799541
"ОП,ПГ,ВПГ",Приватний сектор,2025-12-22,0.00553156555724899
"ОП,ПГ,ВПГ",Приватний сектор,2025-12-23,0.005696068020974935
"ОП,ПГ,ВПГ",Приватний сектор,2025-12-24,0.006089195569840887
"ОП,ПГ,ВПГ",Приватний сектор,2025-12-25,0.006496319296140689
"ОП,ПГ,ВПГ",Приватний сектор,2025-12-26,0.006832318123990394
"ОП,ПГ,ВПГ",Приватний сектор,2025-12-27,0.006638461504723839
"ОП,ПГ,ВПГ",Приватний сектор,2025-12-28,0.006644154334908119
"ОП,ПГ,ВПГ",Приватний сектор,2025-12-29,0.00676743199049767
"ОП,ПГ,ВПГ",Приватний сектор,2025-12-30,0.006894401568248005
"ОП,ПГ,ВПГ",Приватний сектор,2025-12-31,0.007250773122068478
"ОП,ПГ,ВПГ",Багатоквартирний сектор,2025-01-01,0.005870101962902716
"ОП,ПГ,ВПГ",Багатоквартирний сектор,2025-01-02,0.005312875349940377
"ОП,ПГ,ВПГ",Багатоквартирний сектор,2025-01-03,0.005275553873467085
"ОП,ПГ,ВПГ",Багатоквартирний сектор,2025-01-04,0.005324736046855895
"ОП,ПГ,ВПГ",Багатоквартирний сектор,2025-01-05,0.005739722000563288
"ОП,ПГ,ВПГ",Багатоквартирний сектор,2025-01-06,0.00618053052832119
"ОП,ПГ,ВПГ",Багатоквартирний сектор,2025-01-07,0.00572041182683643
"ОП,ПГ,ВПГ",Багатоквартирний сектор,2025-01-08,0.0050893109527929544
"ОП,ПГ,ВПГ",Багатоквартирний сектор,2025-01-09,0.0049624557541007135
"ОП,ПГ,ВПГ",Багатоквартирний сектор,2025-01-10,0.004577273564032889
"ОП,ПГ,ВПГ",Багатоквартирний сектор,2025-01-11,0.0049087390611603455
"ОП,ПГ,ВПГ",Багатоквартирний сектор,2025-01-12,0.005203243038396402
"ОП,ПГ,ВПГ",Багатоквартирний сектор,2025-01-13,0.005502641635284944
"ОП,ПГ,ВПГ",Багатоквартирний сектор,2025-01-14,0.005699788547348438
"ОП,ПГ,ВПГ",Багатоквартирний сектор,2025-01-15,0.0060578388479091555
"ОП,ПГ,ВПГ",Багатоквартирний сектор,2025-01-16,0.006256676143837579
"ОП,ПГ,ВПГ",Багатоквартирний сектор,2025-01-17,0.006029534713761738
"ОП,ПГ,ВПГ",Багатоквартирний сектор,2025-01-18,0.006197901942420864
"ОП,ПГ,ВПГ",Багатоквартирний сектор,2025-01-19,0.0059607703161576615
"ОП,ПГ,ВПГ",Багатоквартирний сектор,2025-01-20,0.005707178191044793
"ОП,ПГ,ВПГ",Багатоквартирний сектор,2025-01-21,0.005956788662825888
"ОП,ПГ,ВПГ",Багатоквартирний сектор,2025-01-22,0.005907067546983739
"ОП,ПГ,ВПГ",Багатоквартирний сектор,2025-01-23,0.0059936492136977715
"ОП,ПГ,ВПГ",Багатоквартирний сектор,2025-01-24,0.005474237797639386
"ОП,ПГ,ВПГ",Багатоквартирний сектор,2025-01-25,0.005654677803353919
"ОП,ПГ,ВПГ",Багатоквартирний сектор,2025-01-26,0.005663243709190434
"ОП,ПГ,ВПГ",Багатоквартирний сектор,2025-01-27,0.005486218212455179
"ОП,ПГ,ВПГ",Багатоквартирний сектор,2025-01-28,0.005309652243347858
"ОП,ПГ,ВПГ",Багатоквартирний сектор,2025-01-29,0.005148927895582327
"ОП,ПГ,ВПГ",Багатоквартирний сектор,2025-01-30,0.005015772457779995
"ОП,ПГ,ВПГ",Багатоквартирний сектор,2025-01-31,0.004757413762802887
"ОП,ПГ,ВПГ",Багатоквартирний сектор,2025-02-01,0.005305647108866832
"ОП,ПГ,ВПГ",Багатоквартирний сектор,2025-02-02,0.005716573013545212
"ОП,ПГ,ВПГ",Багатоквартирний сектор,2025-02-03,0.0056620229017139674
"ОП,ПГ,ВПГ",Багатоквартирний сектор,2025-02-04,0.006248282838857151
"ОП,ПГ,ВПГ",Багатоквартирний сектор,2025-02-05,0.006395798150815918
"ОП,ПГ,ВПГ",Багатоквартирний сектор,2025-02-06,0.006807698703618276
"ОП,ПГ,ВПГ",Багатоквартирний сектор,2025-02-07,0.007487984392294091
"ОП,ПГ,ВПГ",Багатоквартирний сектор,2025-02-08,0.007537219418301547
"ОП,ПГ,ВПГ",Багатоквартирний сектор,2025-02-09,0.00793509339951116
"ОП,ПГ,ВПГ",Багатоквартирний сектор,2025-02-10,0.00784701339096135
"ОП,ПГ,ВПГ",Багатоквартирний сектор,2025-02-11,0.007825094366915142
"ОП,ПГ,ВПГ",Багатоквартирний сектор,2025-02-12,0.0075128127169730935
"ОП,ПГ,ВПГ",Багатоквартирний сектор,2025-02-13,0.007559446330707703
"ОП,ПГ,ВПГ",Багатоквартирний сектор,2025-02-14,0.007835645619313387
"ОП,ПГ,ВПГ",Багатоквартирний сектор,2025-02-15,0.007591910729935023
"ОП,ПГ,ВПГ",Багатоквартирний сектор,2025-02-16,0.007621876075059744
"ОП,ПГ,ВПГ",Багатоквартирний сектор,2025-02-17,0.00777486073399253
"ОП,ПГ,ВПГ",Багатоквартирний сектор,2025-02-18,0.007978542597321607
"ОП,ПГ,ВПГ",Багатоквартирний сектор,2025-02-19,0.00785827618774343
"ОП,ПГ,ВПГ",Багатоквартирний сектор,2025-02-20,0.008090799969893392
"ОП,ПГ,ВПГ",Багатоквартирний сектор,2025-02-21,0.007890447542893256
"ОП,ПГ,ВПГ",Багатоквартирний сектор,2025-02-22,0.008183622509613683
"ОП,ПГ,ВПГ",Багатоквартирний сектор,2025-02-23,0.008086137135187552
"ОП,ПГ,ВПГ",Багатоквартирний сектор,2025-02-24,0.007934822957001554
"ОП,ПГ,ВПГ",Багатоквартирний сектор,2025-02-25,0.008086821622208645
"ОП,ПГ,ВПГ",Багатоквартирний сектор,2025-02-26,0.007863255931018864
"ОП,ПГ,ВПГ",Багатоквартирний сектор,2025-02-27,0.008037793588399835
"ОП,ПГ,ВПГ",Багатоквартирний сектор,2025-02-28,0.0076406505411436
"ОП,ПГ,ВПГ",Багатоквартирний сектор,2025-03-01,0.006345843694845751
"ОП,ПГ,ВПГ",Багатоквартирний сектор,2025-03-02,0.006116678972909032
"ОП,ПГ,ВПГ",Багатоквартирний сектор,2025-03-03,0.005930384084082518
"ОП,ПГ,ВПГ",Багатоквартирний сектор,2025-03-04,0.0056014759885956635
"ОП,ПГ,ВПГ",Багатоквартирний сектор,2025-03-05,0.005225443237014455
"ОП,ПГ,ВПГ",Багатоквартирний сектор,2025-03-06,0.004590634213662171
"ОП,ПГ,ВПГ",Багатоквартирний сектор,2025-03-07,0.004119277564466187
"ОП,ПГ,ВПГ",Багатоквартирний сектор,2025-03-08,0.0035320378763113594
"ОП,ПГ,ВПГ",Багатоквартирний сектор,2025-03-09,0.003284453979771219
"ОП,ПГ,ВПГ",Багатоквартирний сектор,2025-03-10,0.0034481380547779555
"ОП,ПГ,ВПГ",Багатоквартирний сектор,2025-03-11,0.003599845167871524
"ОП,ПГ,ВПГ",Багатоквартирний сектор,2025-03-12,0.00288805892513412
"ОП,ПГ,ВПГ",Багатоквартирний сектор,2025-03-13,0.002876096786832551
"ОП,ПГ,ВПГ",Багатоквартирний сектор,2025-03-14,0.002030552166447859
"ОП,ПГ,ВПГ",Багатоквартирний сектор,2025-03-15,0.0020745592915611157
"ОП,ПГ,ВПГ",Багатоквартирний сектор,2025-03-16,0.002627535992838629
"ОП,ПГ,ВПГ",Багатоквартирний сектор,2025-03-17,0.003480417643574476
"ОП,ПГ,ВПГ",Багатоквартирний сектор,2025-03-18,0.004290306853264991
"ОП,ПГ,ВПГ",Багатоквартирний сектор,2025-03-19,0.0043600042335829375
"ОП,ПГ,ВПГ",Багатоквартирний сектор,2025-03-20,0.004208547778574306
"ОП,ПГ,ВПГ",Багатоквартирний сектор,2025-03-21,0.003542295167467156
"ОП,ПГ,ВПГ",Багатоквартирний сектор,2025-03-22,0.0034913281724696806
"ОП,ПГ,ВПГ",Багатоквартирний сектор,2025-03-23,0.0037801358244961983
"ОП,ПГ,ВПГ",Багатоквартирний сектор,2025-03-24,0.0035722284073009987
"ОП,ПГ,ВПГ",Багатоквартирний сектор,2025-03-25,0.003582825972026112
"ОП,ПГ,ВПГ",Багатоквартирний сектор,2025-03-26,0.002614477815554451
"ОП,ПГ,ВПГ",Багатоквартирний сектор,2025-03-27,0.0024808937027185505
"ОП,ПГ,ВПГ",Багатоквартирний сектор,2025-03-28,0.0018223684817488483
"ОП,ПГ,ВПГ",Багатоквартирний сектор,2025-03-29,0.0019212063099506337
"ОП,ПГ,ВПГ",Багатоквартирний сектор,2025-03-30,0.002472395000748889
"ОП,ПГ,ВПГ",Багатоквартирний сектор,2025-03-31,0.003057355889790662
"ОП,ПГ,ВПГ",Багатоквартирний сектор,2025-04-01,0.002967923778502994
"ОП,ПГ,ВПГ",Багатоквартирний сектор,2025-04-02,0.0026296075898664738
"ОП,ПГ,ВПГ",Багатоквартирний сектор,2025-04-03,0.002823539031045287
"ОП,ПГ,ВПГ",Багатоквартирний сектор,2025-04-04,0.0019313033493836454
"ОП,ПГ,ВПГ",Багатоквартирний сектор,2025-04-05,0.0022585642446649556
"ОП,ПГ,ВПГ",Багатоквартирний сектор,2025-04-06,0.0035686131645144732
"ОП,ПГ,ВПГ",Багатоквартирний сектор,2025-04-07,0.0041534683631672085
"ОП,ПГ,ВПГ",Багатоквартирний сектор,2025-04-08,0.004678461623397574
"ОП,ПГ,ВПГ",Багатоквартирний сектор,2025-04-09,0.005001040376085796
"ОП,ПГ,ВПГ",Багатоквартирний сектор,2025-04-10,0.005398763047186646
"ОП,ПГ,ВПГ",Багатоквартирний сектор,2025-04-11,0.005168526135573792
"ОП,ПГ,ВПГ",Багатоквартирний сектор,2025-04-12,0.0045193985078282786
"ОП,ПГ,ВПГ",Багатоквартирний сектор,2025-04-13,0.004376565267842156
"ОП,ПГ,ВПГ",Багатоквартирний сектор,2025-04-14,0.0028708586041900834
"ОП,ПГ,ВПГ",Багатоквартирний сектор,2025-04-15,0.0018946151082845373
"ОП,ПГ,ВПГ",Багатоквартирний сектор,2025-04-16,0.0016567769256899728
"ОП,ПГ,ВПГ",Багатоквартирний сектор,2025-04-17,0.0012010888005244019
"ОП,ПГ,ВПГ",Багатоквартирний сектор,2025-04-18,0.0008596494899400252
"ОП,ПГ,ВПГ",Багатоквартирний сектор,2025-04-19,0.0012898722134449773
"ОП,ПГ,ВПГ",Багатоквартирний сектор,2025-04-20,0.000681180338869398
"ОП,ПГ,ВПГ",Багатоквартирний сектор,2025-04-21,0.0007703427150163833
"ОП,ПГ,ВПГ",Багатоквартирний сектор,2025-04-22,0.0007989462057452413
"ОП,ПГ,ВПГ",Багатоквартирний сектор,2025-04-23,0.0006454954381766868
"ОП,ПГ,ВПГ",Багатоквартирний сектор,2025-04-24,0.0006777167047841553
"ОП,ПГ,ВПГ",Багатоквартирний сектор,2025-04-25,0.0006864337825090189
"ОП,ПГ,ВПГ",Багатоквартирний сектор,2025-04-26,0.000586751980740735
"ОП,ПГ,ВПГ",Багатоквартирний сектор,2025-04-27,0.000895299905202329
"ОП,ПГ,ВПГ",Багатоквартирний сектор,2025-04-28,0.0008486035171007228
"ОП,ПГ,ВПГ",Багатоквартирний сектор,2025-04-29,0.0009849416427407003
"ОП,ПГ,ВПГ",Багатоквартирний сектор,2025-04-30,0.0009314040527464774
"ОП,ПГ,ВПГ",Багатоквартирний сектор,2025-05-01,0.0008624336951676533
"ОП,ПГ,ВПГ",Багатоквартирний сектор,2025-05-02,0.0011191412492518723
"ОП,ПГ,ВПГ",Багатоквартирний сектор,2025-05-03,0.001177979897523532
"ОП,ПГ,ВПГ",Багатоквартирний сектор,2025-05-04,0.0009934317055654035
"ОП,ПГ,ВПГ",Багатоквартирний сектор,2025-05-05,0.0009376771555754515
"ОП,ПГ,ВПГ",Багатоквартирний сектор,2025-05-06,0.0010214882867044675
"ОП,ПГ,ВПГ",Багатоквартирний сектор,2025-05-07,0.0010729047276617776
"ОП,ПГ,ВПГ",Багатоквартирний сектор,2025-05-08,0.0007937231484581047
"ОП,ПГ,ВПГ",Багатоквартирний сектор,2025-05-09,0.0009533153434420679
"ОП,ПГ,ВПГ",Багатоквартирний сектор,2025-05-10,0.001118703983202777
"ОП,ПГ,ВПГ",Багатоквартирний сектор,2025-05-11,0.001207631299859327
"ОП,ПГ,ВПГ",Багатоквартирний сектор,2025-05-12,0.001079461880290753
"ОП,ПГ,ВПГ",Багатоквартирний сектор,2025-05-13,0.0011571905763383488
"ОП,ПГ,ВПГ",Багатоквартирний сектор,2025-05-14,0.0010820711110417537
"ОП,ПГ,ВПГ",Багатоквартирний сектор,2025-05-15,0.0012638652495036182
"ОП,ПГ,ВПГ",Багатоквартирний сектор,2025-05-16,0.0008805312395581696
"ОП,ПГ,ВПГ",Багатоквартирний сектор,2025-05-17,0.0009620752661342615
"ОП,ПГ,ВПГ",Багатоквартирний сектор,2025-05-18,0.0011055434059975985
"ОП,ПГ,ВПГ",Багатоквартирний сектор,2025-05-19,0.0009241350831179871
"ОП,ПГ,ВПГ",Багатоквартирний сектор,2025-05-20,0.0010765040491322998
"ОП,ПГ,ВПГ",Багатоквартирний сектор,2025-05-21,0.0007200483665738286
"ОП,ПГ,ВПГ",Багатоквартирний сектор,2025-05-22,0.0007228195247929706
"ОП,ПГ,ВПГ",Багатоквартирний сектор,2025-05-23,0.000741111048861963
"ОП,ПГ,ВПГ",Багатоквартирний сектор,2025-05-24,0.0006384404775160188
"ОП,ПГ,ВПГ",Багатоквартирний сектор,2025-05-25,0.0008079168263189998
"ОП,ПГ,ВПГ",Багатоквартирний сектор,2025-05-26,0.0007394718415574665
"ОП,ПГ,ВПГ",Багатоквартирний сектор,2025-05-27,0.0007325618322435582
"ОП,ПГ,ВПГ",Багатоквартирний сектор,2025-05-28,0.0007210459608162344
"ОП,ПГ,ВПГ",Багатоквартирний сектор,2025-05-29,0.0007026868295085682
"ОП,ПГ,ВПГ",Багатоквартирний сектор,2025-05-30,0.0006181793846245364
"ОП,ПГ,ВПГ",Багатоквартирний сектор,2025-05-31,0.0006998848975699272
"ОП,ПГ,ВПГ",Багатоквартирний сектор,2025-06-01,0.0005716651135426706
"ОП,ПГ,ВПГ",Багатоквартирний сектор,2025-06-02,0.0005229210251801705
"ОП,ПГ,ВПГ",Багатоквартирний сектор,2025-06-03,0.0005734904042987439
"ОП,ПГ,ВПГ",Багатоквартирний сектор,2025-06-04,0.000530771513000618
"ОП,ПГ,ВПГ",Багатоквартирний сектор,2025-06-05,0.0005101609582454876
"ОП,ПГ,ВПГ",Багатоквартирний сектор,2025-06-06,0.0005540140648112738
"ОП,ПГ,ВПГ",Багатоквартирний сектор,2025-06-07,0.0005474351840582878
"ОП,ПГ,ВПГ",Багатоквартирний сектор,2025-06-08,0.0005095064441731718
"ОП,ПГ,ВПГ",Багатоквартирний сектор,2025-06-09,0.00040137744322987887
"ОП,ПГ,ВПГ",Багатоквартирний сектор,2025-06-10,0.00043778438534431595
"ОП,ПГ,ВПГ",Багатоквартирний сектор,2025-06-11,0.0006748307337271136
"ОП,ПГ,ВПГ",Багатоквартирний сектор,2025-06-12,0.0005609780590956503
"ОП,ПГ,ВПГ",Багатоквартирний сектор,2025-06-13,0.0005182807100664771
"ОП,ПГ,ВПГ",Багатоквартирний сектор,2025-06-14,0.0005636448953150283
"ОП,ПГ,ВПГ",Багатоквартирний сектор,2025-06-15,0.0006254402586709304
"ОП,ПГ,ВПГ",Багатоквартирний сектор,2025-06-16,0.0005848363593489469
"ОП,ПГ,ВПГ",Багатоквартирний сектор,2025-06-17,0.0005535812716306559
"ОП,ПГ,ВПГ",Багатоквартирний сектор,2025-06-18,0.0005291103928464497
"ОП,ПГ,ВПГ",Багатоквартирний сектор,2025-06-19,0.00057688003103481
"ОП,ПГ,ВПГ",Багатоквартирний сектор,2025-06-20,0.0005681845905139568
"ОП,ПГ,ВПГ",Багатоквартирний сектор,2025-06-21,0.0006021171126262539
"ОП,ПГ,ВПГ",Багатоквартирний сектор,2025-06-22,0.0004738405055937624
"ОП,ПГ,ВПГ",Багатоквартирний сектор,2025-06-23,0.0005216279758588777
"ОП,ПГ,ВПГ",Багатоквартирний сектор,2025-06-24,0.000510150816053488
"ОП,ПГ,ВПГ",Багатоквартирний сектор,2025-06-25,0.0005293845842455257
"ОП,ПГ,ВПГ",Багатоквартирний сектор,2025-06-26,0.000636375098988266
"ОП,ПГ,ВПГ",Багатоквартирний сектор,2025-06-27,0.0005583829669068862
"ОП,ПГ,ВПГ",Багатоквартирний сектор,2025-06-28,0.0004313015835476249
"ОП,ПГ,ВПГ",Багатоквартирний сектор,2025-06-29,0.0005280359479467748
"ОП,ПГ,ВПГ",Багатоквартирний сектор,2025-06-30,0.0005431703089608378
"ОП,ПГ,ВПГ",Багатоквартирний сектор,2025-07-01,0.0005601827794177783
"ОП,ПГ,ВПГ",Багатоквартирний сектор,2025-07-02,0.000525533213666381
"ОП,ПГ,ВПГ",Багатоквартирний сектор,2025-07-03,0.0006407934424882742
"ОП,ПГ,ВПГ",Багатоквартирний сектор,2025-07-04,0.0004987008328421082
"ОП,ПГ,ВПГ",Багатоквартирний сектор,2025-07-05,0.0005218809979698428
"ОП,ПГ,ВПГ",Багатоквартирний сектор,2025-07-06,0.0005329293596131593
"ОП,ПГ,ВПГ",Багатоквартирний сектор,2025-07-07,0.000489875660218795
"ОП,ПГ,ВПГ",Багатоквартирний сектор,2025-07-08,0.0005205141714146642
"ОП,ПГ,ВПГ",Багатоквартирний сектор,2025-07-09,0.0005112827667518671
"ОП,ПГ,ВПГ",Багатоквартирний сектор,2025-07-10,0.0004633370928941832
"ОП,ПГ,ВПГ",Багатоквартирний сектор,2025-07-11,0.00037699870521131537
"ОП,ПГ,ВПГ",Багатоквартирний сектор,2025-07-12,0.00043387962150760116
"ОП,ПГ,ВПГ",Багатоквартирний сектор,2025-07-13,0.0005008910499850641
"ОП,ПГ,ВПГ",Багатоквартирний сектор,2025-07-14,0.00047231170962169745
"ОП,ПГ,ВПГ",Багатоквартирний сектор,2025-07-15,0.00034464902946473283
"ОП,ПГ,ВПГ",Багатоквартирний сектор,2025-07-16,0.000401022596423703
"ОП,ПГ,ВПГ",Багатоквартирний сектор,2025-07-17,0.0004725878351162822
"ОП,ПГ,ВПГ",Багатоквартирний сектор,2025-07-18,0.0003886742238402656
"ОП,ПГ,ВПГ",Багатоквартирний сектор,2025-07-19,0.00044042047196483783
"ОП,ПГ,ВПГ",Багатоквартирний сектор,2025-07-20,0.0004976156134785352
"ОП,ПГ,ВПГ",Багатоквартирний сектор,2025-07-21,0.0004838918335401535
"ОП,ПГ,ВПГ",Багатоквартирний сектор,2025-07-22,0.0004202360357505068
"ОП,ПГ,ВПГ",Багатоквартирний сектор,2025-07-23,0.0003802492459755572
"ОП,ПГ,ВПГ",Багатоквартирний сектор,2025-07-24,0.000495920880574058
"ОП,ПГ,ВПГ",Багатоквартирний сектор,2025-07-25,0.00045819762355653245
"ОП,ПГ,ВПГ",Багатоквартирний сектор,2025-07-26,0.000466615105205858
"ОП,ПГ,ВПГ",Багатоквартирний сектор,2025-07-27,0.00046839107831932175
"ОП,ПГ,ВПГ",Багатоквартирний сектор,2025-07-28,0.0004867910811334006
"ОП,ПГ,ВПГ",Багатоквартирний сектор,2025-07-29,0.0005634866912342339
"ОП,ПГ,ВПГ",Багатоквартирний сектор,2025-07-30,0.0004708478812811427
"ОП,ПГ,ВПГ",Багатоквартирний сектор,2025-07-31,0.000341720504737243
"ОП,ПГ,ВПГ",Багатоквартирний сектор,2025-08-01,0.0006301207323893465
"ОП,ПГ,ВПГ",Багатоквартирний сектор,2025-08-02,0.0005939292396466723
"ОП,ПГ,ВПГ",Багатоквартирний сектор,2025-08-03,0.0006393425186938018
"ОП,ПГ,ВПГ",Багатоквартирний сектор,2025-08-04,0.0005008678550903215
"ОП,ПГ,ВПГ",Багатоквартирний сектор,2025-08-05,0.0006393266257286699
"ОП,ПГ,ВПГ",Багатоквартирний сектор,2025-08-06,0.0006013239474118196
"ОП,ПГ,ВПГ",Багатоквартирний сектор,2025-08-07,0.0006428492921486417
"ОП,ПГ,ВПГ",Багатоквартирний сектор,2025-08-08,0.000574576090577312
"ОП,ПГ,ВПГ",Багатоквартирний сектор,2025-08-09,0.0006411408307667538
"ОП,ПГ,ВПГ",Багатоквартирний сектор,2025-08-10,0.000627131399102949
"ОП,ПГ,ВПГ",Багатоквартирний сектор,2025-08-11,0.0005666448360237408
"ОП,ПГ,ВПГ",Багатоквартирний сектор,2025-08-12,0.0006165276761487094
"ОП,ПГ,ВПГ",Багатоквартирний сектор,2025-08-13,0.0004894307915847881
"ОП,ПГ,ВПГ",Багатоквартирний сектор,2025-08-14,0.0007131061735827073
"ОП,ПГ,ВПГ",Багатоквартирний сектор,2025-08-15,0.0007161363473627436
"ОП,ПГ,ВПГ",Багатоквартирний сектор,2025-08-16,0.0006354746148364927
"ОП,ПГ,ВПГ",Багатоквартирний сектор,2025-08-17,0.0006896296913928416
"ОП,ПГ,ВПГ",Багатоквартирний сектор,2025-08-18,0.0005773186259842766
"ОП,ПГ,ВПГ",Багатоквартирний сектор,2025-08-19,0.0006859788647589724
"ОП,ПГ,ВПГ",Багатоквартирний сектор,2025-08-20,0.0006145459393490283
"ОП,ПГ,ВПГ",Багатоквартирний сектор,2025-08-21,0.0005907142864546682
"ОП,ПГ,ВПГ",Багатоквартирний сектор,2025-08-22,0.0005509322883317672
"ОП,ПГ,ВПГ",Багатоквартирний сектор,2025-08-23,0.0006225593349680282
"ОП,ПГ,ВПГ",Багатоквартирний сектор,2025-08-24,0.0005535276924192491
"ОП,ПГ,ВПГ",Багатоквартирний сектор,2025-08-25,0.0006139920734331352
"ОП,ПГ,ВПГ",Багатоквартирний сектор,2025-08-26,0.0007085923322779572
"ОП,ПГ,ВПГ",Багатоквартирний сектор,2025-08-27,0.0005880415046351273
"ОП,ПГ,ВПГ",Багатоквартирний сектор,2025-08-28,0.0005607688765140953
"ОП,ПГ,ВПГ",Багатоквартирний сектор,2025-08-29,0.0005404977871359349
"ОП,ПГ,ВПГ",Багатоквартирний сектор,2025-08-30,0.000702325126555316
"ОП,ПГ,ВПГ",Багатоквартирний сектор,2025-08-31,0.0006853433508036314
"ОП,ПГ,ВПГ",Багатоквартирний сектор,2025-09-01,0.0005732431853536792
"ОП,ПГ,ВПГ",Багатоквартирний сектор,2025-09-02,0.0005032364219297095
"ОП,ПГ,ВПГ",Багатоквартирний сектор,2025-09-03,0.0004724171492303471
"ОП,ПГ,ВПГ",Багатоквартирний сектор,2025-09-04,0.0005615101987227062
"ОП,ПГ,ВПГ",Багатоквартирний сектор,2025-09-05,0.0005044207668494438
"ОП,ПГ,ВПГ",Багатоквартирний сектор,2025-09-06,0.0005937369050552217
"ОП,ПГ,ВПГ",Багатоквартирний сектор,2025-09-07,0.0006505967512119473
"ОП,ПГ,ВПГ",Багатоквартирний сектор,2025-09-08,0.0005482954956660278
"ОП,ПГ,ВПГ",Багатоквартирний сектор,2025-09-09,0.0005487323872278816
"ОП,ПГ,ВПГ",Багатоквартирний сектор,2025-09-10,0.0004920012779159326
"ОП,ПГ,ВПГ",Багатоквартирний сектор,2025-09-11,0.0007175888017575418
"ОП,ПГ,ВПГ",Багатоквартирний сектор,2025-09-12,0.0007323836020339503
"ОП,ПГ,ВПГ",Багатоквартирний сектор,2025-09-13,0.0007743995873737959
"ОП,ПГ,ВПГ",Багатоквартирний сектор,2025-09-14,0.0007149274361729618
"ОП,ПГ,ВПГ",Багатоквартирний сектор,2025-09-15,0.0005590107423074195
"ОП,ПГ,ВПГ",Багатоквартирний сектор,2025-09-16,0.0005261709247184876
"ОП,ПГ,ВПГ",Багатоквартирний сектор,2025-09-17,0.0005762653933188811
"ОП,ПГ,ВПГ",Багатоквартирний сектор,2025-09-18,0.0006321181908171992
"ОП,ПГ,ВПГ",Багатоквартирний сектор,2025-09-19,0.0007101341973165785
"ОП,ПГ,ВПГ",Багатоквартирний сектор,2025-09-20,0.0007163657602698261
"ОП,ПГ,ВПГ",Багатоквартирний сектор,2025-09-21,0.0006273187911866782
"ОП,ПГ,ВПГ",Багатоквартирний сектор,2025-09-22,0.0005790433379242005
"ОП,ПГ,ВПГ",Багатоквартирний сектор,2025-09-23,0.0005949569250841702
"ОП,ПГ,ВПГ",Багатоквартирний сектор,2025-09-24,0.0005346958584469594
"ОП,ПГ,ВПГ",Багатоквартирний сектор,2025-09-25,0.0006491545113763057
"ОП,ПГ,ВПГ",Багатоквартирний сектор,2025-09-26,0.0006069413799687308
"ОП,ПГ,ВПГ",Багатоквартирний сектор,2025-09-27,0.0007034138324120322
"ОП,ПГ,ВПГ",Багатоквартирний сектор,2025-09-28,0.0007376172453154916
"ОП,ПГ,ВПГ",Багатоквартирний сектор,2025-09-29,0.0008101799099979982
"ОП,ПГ,ВПГ",Багатоквартирний сектор,2025-09-30,0.000870749925129795
"ОП,ПГ,ВПГ",Багатоквартирний сектор,2025-10-01,0.001088070394321206
"ОП,ПГ,ВПГ",Багатоквартирний сектор,2025-10-02,0.00109556970157696
"ОП,ПГ,ВПГ",Багатоквартирний сектор,2025-10-03,0.0008884445566297616
"ОП,ПГ,ВПГ",Багатоквартирний сектор,2025-10-04,0.000939994177628497
"ОП,ПГ,ВПГ",Багатоквартирний сектор,2025-10-05,0.0009002722259267388
"ОП,ПГ,ВПГ",Багатоквартирний сектор,2025-10-06,0.0009367198369608222
"ОП,ПГ,ВПГ",Багатоквартирний сектор,2025-10-07,0.0008677526784647989
"ОП,ПГ,ВПГ",Багатоквартирний сектор,2025-10-08,0.0007877904926194186
"ОП,ПГ,ВПГ",Багатоквартирний сектор,2025-10-09,0.0007542672724035814
"ОП,ПГ,ВПГ",Багатоквартирний сектор,2025-10-10,0.0008577522648840597
"ОП,ПГ,ВПГ",Багатоквартирний сектор,2025-10-11,0.0009189428149423053
"ОП,ПГ,ВПГ",Багатоквартирний сектор,2025-10-12,0.0011190837136915066
"ОП,ПГ,ВПГ",Багатоквартирний сектор,2025-10-13,0.0013493308565095067
"ОП,ПГ,ВПГ",Багатоквартирний сектор,2025-10-14,0.0022459549150690796
"ОП,ПГ,ВПГ",Багатоквартирний сектор,2025-10-15,0.0034691750454643507
"ОП,ПГ,ВПГ",Багатоквартирний сектор,2025-10-16,0.003382886208676329
"ОП,ПГ,ВПГ",Багатоквартирний сектор,2025-10-17,0.0035824489118094368
"ОП,ПГ,ВПГ",Багатоквартирний сектор,2025-10-18,0.0038435613979520733
"ОП,ПГ,ВПГ",Багатоквартирний сектор,2025-10-19,0.004138102871277955
"ОП,ПГ,ВПГ",Багатоквартирний сектор,2025-10-20,0.004333860622214377
"ОП,ПГ,ВПГ",Багатоквартирний сектор,2025-10-21,0.004488570687810013
"ОП,ПГ,ВПГ",Багатоквартирний сектор,2025-10-22,0.004108845114331593
"ОП,ПГ,ВПГ",Багатоквартирний сектор,2025-10-23,0.003121576280371571
"ОП,ПГ,ВПГ",Багатоквартирний сектор,2025-10-24,0.0026765682841995175
"ОП,ПГ,ВПГ",Багатоквартирний сектор,2025-10-25,0.002794807102581204
"ОП,ПГ,ВПГ",Багатоквартирний сектор,2025-10-26,0.002990836382603597
"ОП,ПГ,ВПГ",Багатоквартирний сектор,2025-10-27,0.003636431819700043
"ОП,ПГ,ВПГ",Багатоквартирний сектор,2025-10-28,0.0037190360709386558
"ОП,ПГ,ВПГ",Багатоквартирний сектор,2025-10-29,0.003697472356976272
"ОП,ПГ,ВПГ",Багатоквартирний сектор,2025-10-30,0.0035151823852316326
"ОП,ПГ,ВПГ",Багатоквартирний сектор,2025-10-31,0.003273981952792231
"ОП,ПГ,ВПГ",Багатоквартирний сектор,2025-11-01,0.0024555021142609003
"ОП,ПГ,ВПГ",Багатоквартирний сектор,2025-11-02,0.002828660636806044
"ОП,ПГ,ВПГ",Багатоквартирний сектор,2025-11-03,0.003042246874805369
"ОП,ПГ,ВПГ",Багатоквартирний сектор,2025-11-04,0.003267770310548136
"ОП,ПГ,ВПГ",Багатоквартирний сектор,2025-11-05,0.002917019572556898
"ОП,ПГ,ВПГ",Багатоквартирний сектор,2025-11-06,0.003153137159959542
"ОП,ПГ,ВПГ",Багатоквартирний сектор,2025-11-07,0.0033311274162116885
"ОП,ПГ,ВПГ",Багатоквартирний сектор,2025-11-08,0.0031089945045655373
"ОП,ПГ,ВПГ",Багатоквартирний сектор,2025-11-09,0.0032365782796069517
"ОП,ПГ,ВПГ",Багатоквартирний сектор,2025-11-10,0.0031009954590063135
"ОП,ПГ,ВПГ",Багатоквартирний сектор,2025-11-11,0.0026786364720591182
"ОП,ПГ,ВПГ",Багатоквартирний сектор,2025-11-12,0.0030065217015000094
"ОП,ПГ,ВПГ",Багатоквартирний сектор,2025-11-13,0.003045537910629267
"ОП,ПГ,ВПГ",Багатоквартирний сектор,2025-11-14,0.003326899464226836
"ОП,ПГ,ВПГ",Багатоквартирний сектор,2025-11-15,0.003365829823992684
"ОП,ПГ,ВПГ",Багатоквартирний сектор,2025-11-16,0.003273691796344907
"ОП,ПГ,ВПГ",Багатоквартирний сектор,2025-11-17,0.0033237155906692454
"ОП,ПГ,ВПГ",Багатоквартирний сектор,2025-11-18,0.0030102867510952897
"ОП,ПГ,ВПГ",Багатоквартирний сектор,2025-11-19,0.003392470772438144
"ОП,ПГ,ВПГ",Багатоквартирний сектор,2025-11-20,0.0036310800477509656
"ОП,ПГ,ВПГ",Багатоквартирний сектор,2025-11-21,0.003448347812947164
"ОП,ПГ,ВПГ",Багатоквартирний сектор,2025-11-22,0.0032463856096628637
"ОП,ПГ,ВПГ",Багатоквартирний сектор,2025-11-23,0.003003459574066472
"ОП,ПГ,ВПГ",Багатоквартирний сектор,2025-11-24,0.003164416667848651
"ОП,ПГ,ВПГ",Багатоквартирний сектор,2025-11-25,0.003541768257706248
"ОП,ПГ,ВПГ",Багатоквартирний сектор,2025-11-26,0.0037559806023002647
"ОП,ПГ,ВПГ",Багатоквартирний сектор,2025-11-27,0.0035983639948822203
"ОП,ПГ,ВПГ",Багатоквартирний сектор,2025-11-28,0.0036742645988506045
"ОП,ПГ,ВПГ",Багатоквартирний сектор,2025-11-29,0.003993884543770785
"ОП,ПГ,ВПГ",Багатоквартирний сектор,2025-11-30,0.004396140141395659
"ОП,ПГ,ВПГ",Багатоквартирний сектор,2025-12-01,0.004385688203593851
"ОП,ПГ,ВПГ",Багатоквартирний сектор,2025-12-02,0.004228615950061571
"ОП,ПГ,ВПГ",Багатоквартирний сектор,2025-12-03,0.004249764325966698
"ОП,ПГ,ВПГ",Багатоквартирний сектор,2025-12-04,0.004599803663372532
"ОП,ПГ,ВПГ",Багатоквартирний сектор,2025-12-05,0.004831499448297877
"ОП,ПГ,ВПГ",Багатоквартирний сектор,2025-12-06,0.00482189777023468
"ОП,ПГ,ВПГ",Багатоквартирний сектор,2025-12-07,0.005046531906838569
"ОП,ПГ,ВПГ",Багатоквартирний сектор,2025-12-08,0.005113640095316796
"ОП,ПГ,ВПГ",Багатоквартирний сектор,2025-12-09,0.00516215342630359
"ОП,ПГ,ВПГ",Багатоквартирний сектор,2025-12-10,0.005143424743231024
"ОП,ПГ,ВПГ",Багатоквартирний сектор,2025-12-11,0.005303369559089791
"ОП,ПГ,ВПГ",Багатоквартирний сектор,2025-12-12,0.004819670446353318
"ОП,ПГ,ВПГ",Багатоквартирний сектор,2025-12-13,0.0052708378070408304
"ОП,ПГ,ВПГ",Багатоквартирний сектор,2025-12-14,0.005556593461673547
"ОП,ПГ,ВПГ",Багатоквартирний сектор,2025-12-15,0.005579614554463086
"ОП,ПГ,ВПГ",Багатоквартирний сектор,2025-12-16,0.005527853465821006
"ОП,ПГ,ВПГ",Багатоквартирний сектор,2025-12-17,0.005588086066586236
"ОП,ПГ,ВПГ",Багатоквартирний сектор,2025-12-18,0.005227115451012348
"ОП,ПГ,ВПГ",Багатоквартирний сектор,2025-12-19,0.005210471975078597
"ОП,ПГ,ВПГ",Багатоквартирний сектор,2025-12-20,0.005158009197932515
"ОП,ПГ,ВПГ",Багатоквартирний сектор,2025-12-21,0.0053470456461047365
"ОП,ПГ,ВПГ",Багатоквартирний сектор,2025-12-22,0.005238936048001259
"ОП,ПГ,ВПГ",Багатоквартирний сектор,2025-12-23,0.005269683914391725
"ОП,ПГ,ВПГ",Багатоквартирний сектор,2025-12-24,0.00595250617696207
"ОП,ПГ,ВПГ",Багатоквартирний сектор,2025-12-25,0.0061548090221321865
"ОП,ПГ,ВПГ",Багатоквартирний сектор,2025-12-26,0.006332460163406358
"ОП,ПГ,ВПГ",Багатоквартирний сектор,2025-12-27,0.006660802135423693
"ОП,ПГ,ВПГ",Багатоквартирний сектор,2025-12-28,0.0062059139998649334
"ОП,ПГ,ВПГ",Багатоквартирний сектор,2025-12-29,0.006671139720518086
"ОП,ПГ,ВПГ",Багатоквартирний сектор,2025-12-30,0.006548443994933026
"ОП,ПГ,ВПГ",Багатоквартирний сектор,2025-12-31,0.00651796571303633
